,Cell,Cell_type
0,C_1,T_Cell_&_Tumor_Hybrid
1,C_2,Endothelial
2,C_3,CD8+_T_Cells
3,C_4,Stromal
4,C_5,Stromal
5,C_6,Invasive_Tumor
6,C_7,Stromal
7,C_8,Prolif_Invasive_Tumor
8,C_9,Stromal
9,C_10,Invasive_Tumor
10,C_11,Stromal
11,C_12,Invasive_Tumor
12,C_13,Stromal
13,C_14,Endothelial
14,C_15,Stromal
15,C_16,Endothelial
16,C_17,Stromal
17,C_18,Prolif_Invasive_Tumor
18,C_19,Invasive_Tumor
19,C_20,CD8+_T_Cells
20,C_21,Stromal
21,C_22,Prolif_Invasive_Tumor
22,C_23,Invasive_Tumor
23,C_24,Prolif_Invasive_Tumor
24,C_25,Stromal
25,C_26,Endothelial
26,C_27,Invasive_Tumor
27,C_28,Invasive_Tumor
28,C_29,Endothelial
29,C_30,Stromal
30,C_31,Prolif_Invasive_Tumor
31,C_32,Prolif_Invasive_Tumor
32,C_33,Prolif_Invasive_Tumor
33,C_34,Endothelial
34,C_35,Endothelial
35,C_36,Invasive_Tumor
36,C_37,CD4+_T_Cells
37,C_38,Macrophages_1
38,C_39,Invasive_Tumor
39,C_40,Macrophages_1
40,C_41,CD8+_T_Cells
41,C_42,Invasive_Tumor
42,C_43,Stromal
43,C_44,Stromal
44,C_45,Invasive_Tumor
45,C_46,Stromal
46,C_47,Prolif_Invasive_Tumor
47,C_48,Prolif_Invasive_Tumor
48,C_49,Invasive_Tumor
49,C_50,CD4+_T_Cells
50,C_51,Stromal
51,C_52,Prolif_Invasive_Tumor
52,C_53,B_Cells
53,C_54,Stromal
54,C_55,Stromal
55,C_56,Prolif_Invasive_Tumor
56,C_57,Invasive_Tumor
57,C_58,Invasive_Tumor
58,C_59,Macrophages_1
59,C_60,Invasive_Tumor
60,C_61,Macrophages_1
61,C_62,Prolif_Invasive_Tumor
62,C_63,Stromal
63,C_64,Stromal
64,C_65,Endothelial
65,C_66,Stromal
66,C_67,Endothelial
67,C_68,Invasive_Tumor
68,C_69,Stromal
69,C_70,T_Cell_&_Tumor_Hybrid
70,C_71,Stromal
71,C_72,Invasive_Tumor
72,C_73,Prolif_Invasive_Tumor
73,C_74,Prolif_Invasive_Tumor
74,C_75,Stromal
75,C_76,Stromal
76,C_77,Invasive_Tumor
77,C_78,Macrophages_1
78,C_79,Invasive_Tumor
79,C_80,Invasive_Tumor
80,C_81,Prolif_Invasive_Tumor
81,C_82,Stromal
82,C_83,Invasive_Tumor
83,C_84,Stromal
84,C_85,Invasive_Tumor
85,C_86,Endothelial
86,C_87,Prolif_Invasive_Tumor
87,C_88,CD8+_T_Cells
88,C_89,Stromal
89,C_90,B_Cells
90,C_91,Stromal
91,C_92,Prolif_Invasive_Tumor
92,C_93,Prolif_Invasive_Tumor
93,C_94,Stromal
94,C_95,Prolif_Invasive_Tumor
95,C_96,B_Cells
96,C_97,Stromal
97,C_98,Invasive_Tumor
98,C_99,Invasive_Tumor
99,C_100,Invasive_Tumor
100,C_101,Stromal
101,C_102,Endothelial
102,C_103,Stromal
103,C_104,Endothelial
104,C_105,Invasive_Tumor
105,C_106,Invasive_Tumor
106,C_107,Stromal
107,C_108,Invasive_Tumor
108,C_109,Macrophages_1
109,C_110,Invasive_Tumor
110,C_111,Invasive_Tumor
111,C_112,Invasive_Tumor
112,C_113,Endothelial
113,C_114,Prolif_Invasive_Tumor
114,C_115,Stromal
115,C_116,Prolif_Invasive_Tumor
116,C_117,Invasive_Tumor
117,C_118,Endothelial
118,C_119,Endothelial
119,C_120,Prolif_Invasive_Tumor
120,C_121,Macrophages_1
121,C_122,Prolif_Invasive_Tumor
122,C_123,Stromal
123,C_124,Stromal
124,C_125,Invasive_Tumor
125,C_126,Invasive_Tumor
126,C_127,Prolif_Invasive_Tumor
127,C_128,B_Cells
128,C_129,Prolif_Invasive_Tumor
129,C_130,Macrophages_1
130,C_131,Invasive_Tumor
131,C_132,Prolif_Invasive_Tumor
132,C_133,Invasive_Tumor
133,C_134,Prolif_Invasive_Tumor
134,C_135,Invasive_Tumor
135,C_136,Endothelial
136,C_137,Stromal
137,C_138,Macrophages_1
138,C_139,Stromal
139,C_140,Invasive_Tumor
140,C_141,Invasive_Tumor
141,C_142,Prolif_Invasive_Tumor
142,C_143,Endothelial
143,C_144,Invasive_Tumor
144,C_145,Endothelial
145,C_146,Invasive_Tumor
146,C_147,Stromal
147,C_148,Prolif_Invasive_Tumor
148,C_149,Prolif_Invasive_Tumor
149,C_150,Stromal
150,C_151,Stromal
151,C_152,Invasive_Tumor
152,C_153,Endothelial
153,C_154,Endothelial
154,C_155,Stromal
155,C_156,Endothelial
156,C_157,Stromal
157,C_158,Macrophages_1
158,C_159,Invasive_Tumor
159,C_160,Macrophages_1
160,C_161,Prolif_Invasive_Tumor
161,C_162,Invasive_Tumor
162,C_163,Prolif_Invasive_Tumor
163,C_164,Endothelial
164,C_165,Prolif_Invasive_Tumor
165,C_166,Prolif_Invasive_Tumor
166,C_167,CD8+_T_Cells
167,C_168,Prolif_Invasive_Tumor
168,C_169,Macrophages_1
169,C_170,Macrophages_1
170,C_171,Endothelial
171,C_172,Stromal
172,C_173,Prolif_Invasive_Tumor
173,C_174,Prolif_Invasive_Tumor
174,C_175,Stromal
175,C_176,Stromal
176,C_177,Prolif_Invasive_Tumor
177,C_178,Stromal
178,C_179,Invasive_Tumor
179,C_180,Stromal
180,C_181,Stromal
181,C_182,Endothelial
182,C_183,CD8+_T_Cells
183,C_184,T_Cell_&_Tumor_Hybrid
184,C_185,Stromal
185,C_186,Macrophages_1
186,C_187,Prolif_Invasive_Tumor
187,C_188,Endothelial
188,C_189,Prolif_Invasive_Tumor
189,C_190,Stromal
190,C_191,Macrophages_1
191,C_192,CD8+_T_Cells
192,C_193,Stromal
193,C_194,CD4+_T_Cells
194,C_195,Invasive_Tumor
195,C_196,Invasive_Tumor
196,C_197,Stromal
197,C_198,Invasive_Tumor
198,C_199,Prolif_Invasive_Tumor
199,C_200,Endothelial
200,C_201,Invasive_Tumor
201,C_202,Prolif_Invasive_Tumor
202,C_203,Prolif_Invasive_Tumor
203,C_204,Endothelial
204,C_205,Macrophages_1
205,C_206,Invasive_Tumor
206,C_207,Invasive_Tumor
207,C_208,Stromal
208,C_209,Endothelial
209,C_210,Invasive_Tumor
210,C_211,Prolif_Invasive_Tumor
211,C_212,Macrophages_1
212,C_213,Endothelial
213,C_214,Stromal
214,C_215,Stromal
215,C_216,Prolif_Invasive_Tumor
216,C_217,T_Cell_&_Tumor_Hybrid
217,C_218,Endothelial
218,C_219,Endothelial
219,C_220,Stromal
220,C_221,Stromal
221,C_222,Stromal
222,C_223,Stromal
223,C_224,Invasive_Tumor
224,C_225,Prolif_Invasive_Tumor
225,C_226,Stromal
226,C_227,Invasive_Tumor
227,C_228,Stromal
228,C_229,Prolif_Invasive_Tumor
229,C_230,Macrophages_1
230,C_231,Prolif_Invasive_Tumor
231,C_232,Invasive_Tumor
232,C_233,Invasive_Tumor
233,C_234,Stromal
234,C_235,Invasive_Tumor
235,C_236,Stromal
236,C_237,Invasive_Tumor
237,C_238,Stromal
238,C_239,Invasive_Tumor
239,C_240,Endothelial
240,C_241,Invasive_Tumor
241,C_242,Stromal
242,C_243,Invasive_Tumor
243,C_244,Invasive_Tumor
244,C_245,Stromal
245,C_246,Stromal
246,C_247,Prolif_Invasive_Tumor
247,C_248,CD8+_T_Cells
248,C_249,Endothelial
249,C_250,Endothelial
250,C_251,Endothelial
251,C_252,Stromal
252,C_253,Invasive_Tumor
253,C_254,Stromal
254,C_255,Invasive_Tumor
255,C_256,Prolif_Invasive_Tumor
256,C_257,Stromal
257,C_258,Stromal
258,C_259,Stromal
259,C_260,Macrophages_1
260,C_261,Invasive_Tumor
261,C_262,Stromal
262,C_263,Stromal
263,C_264,Prolif_Invasive_Tumor
264,C_265,Prolif_Invasive_Tumor
265,C_266,Prolif_Invasive_Tumor
266,C_267,Macrophages_1
267,C_268,Stromal
268,C_269,Endothelial
269,C_270,Stromal
270,C_271,Invasive_Tumor
271,C_272,Prolif_Invasive_Tumor
272,C_273,Macrophages_1
273,C_274,Endothelial
274,C_275,Stromal
275,C_276,Invasive_Tumor
276,C_277,Stromal
277,C_278,Invasive_Tumor
278,C_279,Macrophages_1
279,C_280,Invasive_Tumor
280,C_281,Macrophages_1
281,C_282,Invasive_Tumor
282,C_283,Endothelial
283,C_284,Invasive_Tumor
284,C_285,CD8+_T_Cells
285,C_286,Macrophages_1
286,C_287,Macrophages_1
287,C_288,Invasive_Tumor
288,C_289,Stromal
289,C_290,Invasive_Tumor
290,C_291,Macrophages_1
291,C_292,Stromal
292,C_293,Stromal
293,C_294,Macrophages_1
294,C_295,Stromal
295,C_296,Invasive_Tumor
296,C_297,T_Cell_&_Tumor_Hybrid
297,C_298,Endothelial
298,C_299,Endothelial
299,C_300,Prolif_Invasive_Tumor
300,C_301,Stromal
301,C_302,Invasive_Tumor
302,C_303,Invasive_Tumor
303,C_304,Stromal
304,C_305,Prolif_Invasive_Tumor
305,C_306,Prolif_Invasive_Tumor
306,C_307,Endothelial
307,C_308,Invasive_Tumor
308,C_309,Invasive_Tumor
309,C_310,B_Cells
310,C_311,Endothelial
311,C_312,Prolif_Invasive_Tumor
312,C_313,Stromal
313,C_314,Macrophages_1
314,C_315,Stromal
315,C_316,Prolif_Invasive_Tumor
316,C_317,Prolif_Invasive_Tumor
317,C_318,Invasive_Tumor
318,C_319,Stromal
319,C_320,Prolif_Invasive_Tumor
320,C_321,Endothelial
321,C_322,CD8+_T_Cells
322,C_323,Endothelial
323,C_324,Invasive_Tumor
324,C_325,Macrophages_1
325,C_326,Prolif_Invasive_Tumor
326,C_327,Stromal
327,C_328,CD8+_T_Cells
328,C_329,T_Cell_&_Tumor_Hybrid
329,C_330,Stromal
330,C_331,Endothelial
331,C_332,Endothelial
332,C_333,Prolif_Invasive_Tumor
333,C_334,Invasive_Tumor
334,C_335,Prolif_Invasive_Tumor
335,C_336,Endothelial
336,C_337,Stromal
337,C_338,Endothelial
338,C_339,Invasive_Tumor
339,C_340,Invasive_Tumor
340,C_341,Stromal
341,C_342,Prolif_Invasive_Tumor
342,C_343,Stromal
343,C_344,Endothelial
344,C_345,Prolif_Invasive_Tumor
345,C_346,Stromal
346,C_347,Stromal
347,C_348,Invasive_Tumor
348,C_349,Prolif_Invasive_Tumor
349,C_350,Prolif_Invasive_Tumor
350,C_351,Endothelial
351,C_352,Invasive_Tumor
352,C_353,Stromal
353,C_354,CD8+_T_Cells
354,C_355,Stromal
355,C_356,Invasive_Tumor
356,C_357,Invasive_Tumor
357,C_358,CD8+_T_Cells
358,C_359,Endothelial
359,C_360,Stromal
360,C_361,Stromal
361,C_362,Stromal
362,C_363,Endothelial
363,C_364,Invasive_Tumor
364,C_365,Prolif_Invasive_Tumor
365,C_366,Macrophages_1
366,C_367,Stromal
367,C_368,B_Cells
368,C_369,Invasive_Tumor
369,C_370,Endothelial
370,C_371,Invasive_Tumor
371,C_372,T_Cell_&_Tumor_Hybrid
372,C_373,Macrophages_1
373,C_374,Stromal
374,C_375,Stromal
375,C_376,CD4+_T_Cells
376,C_377,T_Cell_&_Tumor_Hybrid
377,C_378,Invasive_Tumor
378,C_379,Stromal
379,C_380,Invasive_Tumor
380,C_381,Invasive_Tumor
381,C_382,Invasive_Tumor
382,C_383,Invasive_Tumor
383,C_384,T_Cell_&_Tumor_Hybrid
384,C_385,Prolif_Invasive_Tumor
385,C_386,Invasive_Tumor
386,C_387,Endothelial
387,C_388,Prolif_Invasive_Tumor
388,C_389,Invasive_Tumor
389,C_390,Stromal
390,C_391,Invasive_Tumor
391,C_392,Stromal
392,C_393,Invasive_Tumor
393,C_394,Stromal
394,C_395,CD8+_T_Cells
395,C_396,CD8+_T_Cells
396,C_397,Prolif_Invasive_Tumor
397,C_398,Macrophages_1
398,C_399,Invasive_Tumor
399,C_400,Endothelial
400,C_401,Macrophages_1
401,C_402,Stromal
402,C_403,Endothelial
403,C_404,Macrophages_1
404,C_405,Endothelial
405,C_406,Macrophages_1
406,C_407,Stromal
407,C_408,Prolif_Invasive_Tumor
408,C_409,CD8+_T_Cells
409,C_410,Stromal
410,C_411,Prolif_Invasive_Tumor
411,C_412,Endothelial
412,C_413,T_Cell_&_Tumor_Hybrid
413,C_414,Stromal
414,C_415,Invasive_Tumor
415,C_416,Endothelial
416,C_417,Prolif_Invasive_Tumor
417,C_418,Prolif_Invasive_Tumor
418,C_419,Stromal
419,C_420,Macrophages_1
420,C_421,Prolif_Invasive_Tumor
421,C_422,Macrophages_1
422,C_423,Invasive_Tumor
423,C_424,Prolif_Invasive_Tumor
424,C_425,Macrophages_1
425,C_426,Stromal
426,C_427,CD8+_T_Cells
427,C_428,CD8+_T_Cells
428,C_429,Stromal
429,C_430,Endothelial
430,C_431,Invasive_Tumor
431,C_432,Macrophages_1
432,C_433,Invasive_Tumor
433,C_434,Prolif_Invasive_Tumor
434,C_435,Invasive_Tumor
435,C_436,Prolif_Invasive_Tumor
436,C_437,Invasive_Tumor
437,C_438,Prolif_Invasive_Tumor
438,C_439,Stromal
439,C_440,Endothelial
440,C_441,Stromal
441,C_442,Invasive_Tumor
442,C_443,Stromal
443,C_444,Stromal
444,C_445,Stromal
445,C_446,Prolif_Invasive_Tumor
446,C_447,Stromal
447,C_448,B_Cells
448,C_449,Endothelial
449,C_450,Macrophages_1
450,C_451,Stromal
451,C_452,Invasive_Tumor
452,C_453,Stromal
453,C_454,Stromal
454,C_455,Invasive_Tumor
455,C_456,Invasive_Tumor
456,C_457,Prolif_Invasive_Tumor
457,C_458,Prolif_Invasive_Tumor
458,C_459,Stromal
459,C_460,Endothelial
460,C_461,Stromal
461,C_462,Invasive_Tumor
462,C_463,Stromal
463,C_464,Stromal
464,C_465,Prolif_Invasive_Tumor
465,C_466,Stromal
466,C_467,Stromal
467,C_468,Stromal
468,C_469,Invasive_Tumor
469,C_470,Prolif_Invasive_Tumor
470,C_471,Endothelial
471,C_472,Invasive_Tumor
472,C_473,Macrophages_1
473,C_474,CD8+_T_Cells
474,C_475,Stromal
475,C_476,Stromal
476,C_477,Prolif_Invasive_Tumor
477,C_478,Invasive_Tumor
478,C_479,Endothelial
479,C_480,Prolif_Invasive_Tumor
480,C_481,Stromal
481,C_482,Stromal
482,C_483,Stromal
483,C_484,Invasive_Tumor
484,C_485,Invasive_Tumor
485,C_486,Macrophages_1
486,C_487,Macrophages_1
487,C_488,Stromal
488,C_489,Stromal
489,C_490,Stromal
490,C_491,Macrophages_1
491,C_492,Invasive_Tumor
492,C_493,Invasive_Tumor
493,C_494,Stromal
494,C_495,Stromal
495,C_496,Prolif_Invasive_Tumor
496,C_497,Prolif_Invasive_Tumor
497,C_498,Endothelial
498,C_499,Prolif_Invasive_Tumor
499,C_500,Invasive_Tumor
500,C_501,Invasive_Tumor
501,C_502,Invasive_Tumor
502,C_503,Endothelial
503,C_504,Stromal
504,C_505,Macrophages_1
505,C_506,Endothelial
506,C_507,Invasive_Tumor
507,C_508,Macrophages_1
508,C_509,Prolif_Invasive_Tumor
509,C_510,Endothelial
510,C_511,CD4+_T_Cells
511,C_512,Prolif_Invasive_Tumor
512,C_513,T_Cell_&_Tumor_Hybrid
513,C_514,Macrophages_1
514,C_515,Macrophages_1
515,C_516,Stromal
516,C_517,Stromal
517,C_518,Endothelial
518,C_519,Endothelial
519,C_520,CD8+_T_Cells
520,C_521,Stromal
521,C_522,Stromal
522,C_523,Stromal
523,C_524,Invasive_Tumor
524,C_525,Invasive_Tumor
525,C_526,Stromal
526,C_527,Invasive_Tumor
527,C_528,Invasive_Tumor
528,C_529,CD4+_T_Cells
529,C_530,Prolif_Invasive_Tumor
530,C_531,Invasive_Tumor
531,C_532,B_Cells
532,C_533,Endothelial
533,C_534,Stromal
534,C_535,Invasive_Tumor
535,C_536,Prolif_Invasive_Tumor
536,C_537,Invasive_Tumor
537,C_538,Macrophages_1
538,C_539,Prolif_Invasive_Tumor
539,C_540,Prolif_Invasive_Tumor
540,C_541,Stromal
541,C_542,CD8+_T_Cells
542,C_543,Endothelial
543,C_544,Invasive_Tumor
544,C_545,Macrophages_1
545,C_546,Invasive_Tumor
546,C_547,Prolif_Invasive_Tumor
547,C_548,Invasive_Tumor
548,C_549,Prolif_Invasive_Tumor
549,C_550,Invasive_Tumor
550,C_551,Stromal
551,C_552,Macrophages_1
552,C_553,Stromal
553,C_554,Stromal
554,C_555,Macrophages_1
555,C_556,Invasive_Tumor
556,C_557,Invasive_Tumor
557,C_558,Prolif_Invasive_Tumor
558,C_559,Invasive_Tumor
559,C_560,Macrophages_1
560,C_561,Macrophages_1
561,C_562,T_Cell_&_Tumor_Hybrid
562,C_563,Prolif_Invasive_Tumor
563,C_564,Endothelial
564,C_565,Invasive_Tumor
565,C_566,Macrophages_1
566,C_567,Prolif_Invasive_Tumor
567,C_568,Prolif_Invasive_Tumor
568,C_569,Prolif_Invasive_Tumor
569,C_570,Stromal
570,C_571,Stromal
571,C_572,Invasive_Tumor
572,C_573,Invasive_Tumor
573,C_574,Stromal
574,C_575,Invasive_Tumor
575,C_576,Invasive_Tumor
576,C_577,Stromal
577,C_578,Stromal
578,C_579,Stromal
579,C_580,B_Cells
580,C_581,Macrophages_1
581,C_582,Invasive_Tumor
582,C_583,Prolif_Invasive_Tumor
583,C_584,CD8+_T_Cells
584,C_585,Stromal
585,C_586,Stromal
586,C_587,Endothelial
587,C_588,Macrophages_1
588,C_589,Prolif_Invasive_Tumor
589,C_590,Macrophages_1
590,C_591,Stromal
591,C_592,Invasive_Tumor
592,C_593,B_Cells
593,C_594,Prolif_Invasive_Tumor
594,C_595,Invasive_Tumor
595,C_596,Macrophages_1
596,C_597,Stromal
597,C_598,Invasive_Tumor
598,C_599,Invasive_Tumor
599,C_600,Stromal
600,C_601,Invasive_Tumor
601,C_602,Stromal
602,C_603,Invasive_Tumor
603,C_604,Invasive_Tumor
604,C_605,Stromal
605,C_606,Invasive_Tumor
606,C_607,Stromal
607,C_608,Invasive_Tumor
608,C_609,Endothelial
609,C_610,Stromal
610,C_611,T_Cell_&_Tumor_Hybrid
611,C_612,Macrophages_1
612,C_613,Prolif_Invasive_Tumor
613,C_614,Invasive_Tumor
614,C_615,Prolif_Invasive_Tumor
615,C_616,B_Cells
616,C_617,Stromal
617,C_618,Invasive_Tumor
618,C_619,Invasive_Tumor
619,C_620,Prolif_Invasive_Tumor
620,C_621,Invasive_Tumor
621,C_622,Prolif_Invasive_Tumor
622,C_623,Stromal
623,C_624,Endothelial
624,C_625,Endothelial
625,C_626,Prolif_Invasive_Tumor
626,C_627,Macrophages_1
627,C_628,Prolif_Invasive_Tumor
628,C_629,Invasive_Tumor
629,C_630,Prolif_Invasive_Tumor
630,C_631,Invasive_Tumor
631,C_632,Invasive_Tumor
632,C_633,Prolif_Invasive_Tumor
633,C_634,Invasive_Tumor
634,C_635,Invasive_Tumor
635,C_636,Prolif_Invasive_Tumor
636,C_637,Endothelial
637,C_638,Stromal
638,C_639,Prolif_Invasive_Tumor
639,C_640,CD8+_T_Cells
640,C_641,Endothelial
641,C_642,T_Cell_&_Tumor_Hybrid
642,C_643,Macrophages_1
643,C_644,Invasive_Tumor
644,C_645,Invasive_Tumor
645,C_646,Invasive_Tumor
646,C_647,Endothelial
647,C_648,Stromal
648,C_649,Stromal
649,C_650,Invasive_Tumor
650,C_651,T_Cell_&_Tumor_Hybrid
651,C_652,Invasive_Tumor
652,C_653,Prolif_Invasive_Tumor
653,C_654,Invasive_Tumor
654,C_655,Invasive_Tumor
655,C_656,Stromal
656,C_657,Macrophages_1
657,C_658,Prolif_Invasive_Tumor
658,C_659,Stromal
659,C_660,Endothelial
660,C_661,Invasive_Tumor
661,C_662,Invasive_Tumor
662,C_663,B_Cells
663,C_664,Prolif_Invasive_Tumor
664,C_665,Macrophages_1
665,C_666,Invasive_Tumor
666,C_667,Macrophages_1
667,C_668,Stromal
668,C_669,Macrophages_1
669,C_670,Macrophages_1
670,C_671,Stromal
671,C_672,Prolif_Invasive_Tumor
672,C_673,B_Cells
673,C_674,Stromal
674,C_675,Endothelial
675,C_676,Invasive_Tumor
676,C_677,Invasive_Tumor
677,C_678,Prolif_Invasive_Tumor
678,C_679,Prolif_Invasive_Tumor
679,C_680,Invasive_Tumor
680,C_681,Prolif_Invasive_Tumor
681,C_682,Macrophages_1
682,C_683,Stromal
683,C_684,Macrophages_1
684,C_685,Macrophages_1
685,C_686,Macrophages_1
686,C_687,Prolif_Invasive_Tumor
687,C_688,Invasive_Tumor
688,C_689,Prolif_Invasive_Tumor
689,C_690,Stromal
690,C_691,Invasive_Tumor
691,C_692,Stromal
692,C_693,Invasive_Tumor
693,C_694,Invasive_Tumor
694,C_695,Stromal
695,C_696,Invasive_Tumor
696,C_697,CD8+_T_Cells
697,C_698,Endothelial
698,C_699,Prolif_Invasive_Tumor
699,C_700,Invasive_Tumor
700,C_701,Invasive_Tumor
701,C_702,CD8+_T_Cells
702,C_703,Invasive_Tumor
703,C_704,Invasive_Tumor
704,C_705,Prolif_Invasive_Tumor
705,C_706,T_Cell_&_Tumor_Hybrid
706,C_707,Invasive_Tumor
707,C_708,Stromal
708,C_709,Prolif_Invasive_Tumor
709,C_710,Macrophages_1
710,C_711,Prolif_Invasive_Tumor
711,C_712,Invasive_Tumor
712,C_713,Endothelial
713,C_714,Invasive_Tumor
714,C_715,Stromal
715,C_716,Prolif_Invasive_Tumor
716,C_717,Invasive_Tumor
717,C_718,Invasive_Tumor
718,C_719,Prolif_Invasive_Tumor
719,C_720,Invasive_Tumor
720,C_721,Prolif_Invasive_Tumor
721,C_722,Endothelial
722,C_723,Invasive_Tumor
723,C_724,Invasive_Tumor
724,C_725,Stromal
725,C_726,Prolif_Invasive_Tumor
726,C_727,Invasive_Tumor
727,C_728,Invasive_Tumor
728,C_729,Invasive_Tumor
729,C_730,Invasive_Tumor
730,C_731,Prolif_Invasive_Tumor
731,C_732,Stromal
732,C_733,Stromal
733,C_734,Prolif_Invasive_Tumor
734,C_735,Invasive_Tumor
735,C_736,Prolif_Invasive_Tumor
736,C_737,Macrophages_1
737,C_738,Endothelial
738,C_739,CD8+_T_Cells
739,C_740,Stromal
740,C_741,Endothelial
741,C_742,Prolif_Invasive_Tumor
742,C_743,Invasive_Tumor
743,C_744,Prolif_Invasive_Tumor
744,C_745,Macrophages_1
745,C_746,Macrophages_1
746,C_747,Invasive_Tumor
747,C_748,Stromal
748,C_749,Macrophages_1
749,C_750,Macrophages_1
750,C_751,Stromal
751,C_752,Prolif_Invasive_Tumor
752,C_753,Stromal
753,C_754,Stromal
754,C_755,Invasive_Tumor
755,C_756,Invasive_Tumor
756,C_757,Endothelial
757,C_758,Macrophages_1
758,C_759,Prolif_Invasive_Tumor
759,C_760,Stromal
760,C_761,Invasive_Tumor
761,C_762,CD4+_T_Cells
762,C_763,Invasive_Tumor
763,C_764,Stromal
764,C_765,Endothelial
765,C_766,Macrophages_1
766,C_767,Invasive_Tumor
767,C_768,Invasive_Tumor
768,C_769,Stromal
769,C_770,Endothelial
770,C_771,Stromal
771,C_772,Invasive_Tumor
772,C_773,Prolif_Invasive_Tumor
773,C_774,Stromal
774,C_775,CD8+_T_Cells
775,C_776,Macrophages_1
776,C_777,Prolif_Invasive_Tumor
777,C_778,Stromal
778,C_779,Endothelial
779,C_780,Invasive_Tumor
780,C_781,Endothelial
781,C_782,Prolif_Invasive_Tumor
782,C_783,Prolif_Invasive_Tumor
783,C_784,Stromal
784,C_785,Invasive_Tumor
785,C_786,Invasive_Tumor
786,C_787,Macrophages_1
787,C_788,Stromal
788,C_789,Invasive_Tumor
789,C_790,Stromal
790,C_791,Invasive_Tumor
791,C_792,Stromal
792,C_793,Prolif_Invasive_Tumor
793,C_794,Stromal
794,C_795,Stromal
795,C_796,Macrophages_1
796,C_797,Prolif_Invasive_Tumor
797,C_798,Invasive_Tumor
798,C_799,Stromal
799,C_800,Endothelial
800,C_801,Invasive_Tumor
801,C_802,Stromal
802,C_803,Invasive_Tumor
803,C_804,Invasive_Tumor
804,C_805,Invasive_Tumor
805,C_806,Macrophages_1
806,C_807,Stromal
807,C_808,Invasive_Tumor
808,C_809,Stromal
809,C_810,Invasive_Tumor
810,C_811,Prolif_Invasive_Tumor
811,C_812,Prolif_Invasive_Tumor
812,C_813,Stromal
813,C_814,Prolif_Invasive_Tumor
814,C_815,Prolif_Invasive_Tumor
815,C_816,Invasive_Tumor
816,C_817,Stromal
817,C_818,T_Cell_&_Tumor_Hybrid
818,C_819,Prolif_Invasive_Tumor
819,C_820,Endothelial
820,C_821,Invasive_Tumor
821,C_822,Invasive_Tumor
822,C_823,Stromal
823,C_824,Stromal
824,C_825,Stromal
825,C_826,Macrophages_1
826,C_827,Invasive_Tumor
827,C_828,Endothelial
828,C_829,Prolif_Invasive_Tumor
829,C_830,Stromal
830,C_831,Endothelial
831,C_832,Stromal
832,C_833,Endothelial
833,C_834,Endothelial
834,C_835,Invasive_Tumor
835,C_836,Stromal
836,C_837,Invasive_Tumor
837,C_838,Invasive_Tumor
838,C_839,Prolif_Invasive_Tumor
839,C_840,T_Cell_&_Tumor_Hybrid
840,C_841,Prolif_Invasive_Tumor
841,C_842,Stromal
842,C_843,Macrophages_1
843,C_844,Invasive_Tumor
844,C_845,Invasive_Tumor
845,C_846,B_Cells
846,C_847,Invasive_Tumor
847,C_848,Stromal
848,C_849,Macrophages_1
849,C_850,Invasive_Tumor
850,C_851,Invasive_Tumor
851,C_852,Invasive_Tumor
852,C_853,Invasive_Tumor
853,C_854,Endothelial
854,C_855,Invasive_Tumor
855,C_856,Stromal
856,C_857,Invasive_Tumor
857,C_858,Endothelial
858,C_859,Stromal
859,C_860,Prolif_Invasive_Tumor
860,C_861,Prolif_Invasive_Tumor
861,C_862,Endothelial
862,C_863,Prolif_Invasive_Tumor
863,C_864,Endothelial
864,C_865,Stromal
865,C_866,Prolif_Invasive_Tumor
866,C_867,Endothelial
867,C_868,Invasive_Tumor
868,C_869,Prolif_Invasive_Tumor
869,C_870,Prolif_Invasive_Tumor
870,C_871,Stromal
871,C_872,Endothelial
872,C_873,CD8+_T_Cells
873,C_874,Prolif_Invasive_Tumor
874,C_875,CD4+_T_Cells
875,C_876,Prolif_Invasive_Tumor
876,C_877,Endothelial
877,C_878,CD8+_T_Cells
878,C_879,Macrophages_1
879,C_880,Invasive_Tumor
880,C_881,Prolif_Invasive_Tumor
881,C_882,Stromal
882,C_883,B_Cells
883,C_884,Invasive_Tumor
884,C_885,T_Cell_&_Tumor_Hybrid
885,C_886,Invasive_Tumor
886,C_887,Invasive_Tumor
887,C_888,Macrophages_1
888,C_889,Macrophages_1
889,C_890,Endothelial
890,C_891,Macrophages_1
891,C_892,Invasive_Tumor
892,C_893,Invasive_Tumor
893,C_894,Macrophages_1
894,C_895,Stromal
895,C_896,Endothelial
896,C_897,Stromal
897,C_898,Macrophages_1
898,C_899,Invasive_Tumor
899,C_900,Macrophages_1
900,C_901,Invasive_Tumor
901,C_902,Invasive_Tumor
902,C_903,Stromal
903,C_904,Invasive_Tumor
904,C_905,Endothelial
905,C_906,Stromal
906,C_907,Prolif_Invasive_Tumor
907,C_908,CD4+_T_Cells
908,C_909,Endothelial
909,C_910,Prolif_Invasive_Tumor
910,C_911,Invasive_Tumor
911,C_912,Prolif_Invasive_Tumor
912,C_913,Prolif_Invasive_Tumor
913,C_914,Stromal
914,C_915,Stromal
915,C_916,Stromal
916,C_917,Macrophages_1
917,C_918,Stromal
918,C_919,Endothelial
919,C_920,Endothelial
920,C_921,Prolif_Invasive_Tumor
921,C_922,Invasive_Tumor
922,C_923,Stromal
923,C_924,Macrophages_1
924,C_925,Invasive_Tumor
925,C_926,Invasive_Tumor
926,C_927,Macrophages_1
927,C_928,Endothelial
928,C_929,Invasive_Tumor
929,C_930,Stromal
930,C_931,Invasive_Tumor
931,C_932,CD4+_T_Cells
932,C_933,Stromal
933,C_934,Invasive_Tumor
934,C_935,Stromal
935,C_936,Invasive_Tumor
936,C_937,Invasive_Tumor
937,C_938,Invasive_Tumor
938,C_939,Endothelial
939,C_940,Endothelial
940,C_941,B_Cells
941,C_942,Stromal
942,C_943,Macrophages_1
943,C_944,Invasive_Tumor
944,C_945,Stromal
945,C_946,Prolif_Invasive_Tumor
946,C_947,Prolif_Invasive_Tumor
947,C_948,Stromal
948,C_949,Stromal
949,C_950,Prolif_Invasive_Tumor
950,C_951,Endothelial
951,C_952,Invasive_Tumor
952,C_953,Stromal
953,C_954,Macrophages_1
954,C_955,CD8+_T_Cells
955,C_956,Stromal
956,C_957,Stromal
957,C_958,Invasive_Tumor
958,C_959,Endothelial
959,C_960,Endothelial
960,C_961,Endothelial
961,C_962,Prolif_Invasive_Tumor
962,C_963,Endothelial
963,C_964,Stromal
964,C_965,B_Cells
965,C_966,Stromal
966,C_967,Prolif_Invasive_Tumor
967,C_968,Invasive_Tumor
968,C_969,Endothelial
969,C_970,Endothelial
970,C_971,Stromal
971,C_972,Invasive_Tumor
972,C_973,Stromal
973,C_974,Prolif_Invasive_Tumor
974,C_975,Invasive_Tumor
975,C_976,Invasive_Tumor
976,C_977,T_Cell_&_Tumor_Hybrid
977,C_978,Invasive_Tumor
978,C_979,Invasive_Tumor
979,C_980,Prolif_Invasive_Tumor
980,C_981,Prolif_Invasive_Tumor
981,C_982,Stromal
982,C_983,Invasive_Tumor
983,C_984,Stromal
984,C_985,Invasive_Tumor
985,C_986,Prolif_Invasive_Tumor
986,C_987,Endothelial
987,C_988,Endothelial
988,C_989,Stromal
989,C_990,Invasive_Tumor
990,C_991,Stromal
991,C_992,Invasive_Tumor
992,C_993,Prolif_Invasive_Tumor
993,C_994,Prolif_Invasive_Tumor
994,C_995,Stromal
995,C_996,Stromal
996,C_997,Prolif_Invasive_Tumor
997,C_998,Prolif_Invasive_Tumor
998,C_999,Stromal
999,C_1000,Invasive_Tumor
1000,C_1001,Prolif_Invasive_Tumor
1001,C_1002,Invasive_Tumor
1002,C_1003,Invasive_Tumor
1003,C_1004,Stromal
1004,C_1005,Invasive_Tumor
1005,C_1006,Invasive_Tumor
1006,C_1007,Prolif_Invasive_Tumor
1007,C_1008,Prolif_Invasive_Tumor
1008,C_1009,Prolif_Invasive_Tumor
1009,C_1010,Endothelial
1010,C_1011,B_Cells
1011,C_1012,Stromal
1012,C_1013,Endothelial
1013,C_1014,Prolif_Invasive_Tumor
1014,C_1015,Prolif_Invasive_Tumor
1015,C_1016,Stromal
1016,C_1017,Stromal
1017,C_1018,Invasive_Tumor
1018,C_1019,Invasive_Tumor
1019,C_1020,Invasive_Tumor
1020,C_1021,Invasive_Tumor
1021,C_1022,Invasive_Tumor
1022,C_1023,Invasive_Tumor
1023,C_1024,Invasive_Tumor
1024,C_1025,Stromal
1025,C_1026,Stromal
1026,C_1027,Endothelial
1027,C_1028,Stromal
1028,C_1029,Stromal
1029,C_1030,Endothelial
1030,C_1031,CD8+_T_Cells
1031,C_1032,Macrophages_1
1032,C_1033,Endothelial
1033,C_1034,Stromal
1034,C_1035,CD4+_T_Cells
1035,C_1036,Stromal
1036,C_1037,Prolif_Invasive_Tumor
1037,C_1038,Macrophages_1
1038,C_1039,Endothelial
1039,C_1040,CD4+_T_Cells
1040,C_1041,Prolif_Invasive_Tumor
1041,C_1042,Endothelial
1042,C_1043,CD8+_T_Cells
1043,C_1044,Endothelial
1044,C_1045,CD8+_T_Cells
1045,C_1046,Endothelial
1046,C_1047,Endothelial
1047,C_1048,Macrophages_1
1048,C_1049,Endothelial
1049,C_1050,Endothelial
1050,C_1051,Macrophages_1
1051,C_1052,Endothelial
1052,C_1053,Endothelial
1053,C_1054,Endothelial
1054,C_1055,B_Cells
1055,C_1056,Prolif_Invasive_Tumor
1056,C_1057,Endothelial
1057,C_1058,Macrophages_1
1058,C_1059,T_Cell_&_Tumor_Hybrid
1059,C_1060,Prolif_Invasive_Tumor
1060,C_1061,Endothelial
1061,C_1062,Endothelial
1062,C_1063,Endothelial
1063,C_1064,Macrophages_1
1064,C_1065,Macrophages_1
1065,C_1066,CD8+_T_Cells
1066,C_1067,Macrophages_1
1067,C_1068,B_Cells
1068,C_1069,Prolif_Invasive_Tumor
1069,C_1070,Endothelial
1070,C_1071,Stromal
1071,C_1072,Macrophages_1
1072,C_1073,Endothelial
1073,C_1074,CD8+_T_Cells
1074,C_1075,CD8+_T_Cells
1075,C_1076,Macrophages_1
1076,C_1077,CD8+_T_Cells
1077,C_1078,Endothelial
1078,C_1079,Endothelial
1079,C_1080,Macrophages_1
1080,C_1081,Endothelial
1081,C_1082,Endothelial
1082,C_1083,CD4+_T_Cells
1083,C_1084,Endothelial
1084,C_1085,Prolif_Invasive_Tumor
1085,C_1086,Macrophages_1
1086,C_1087,Macrophages_1
1087,C_1088,Prolif_Invasive_Tumor
1088,C_1089,CD8+_T_Cells
1089,C_1090,Macrophages_1
1090,C_1091,Prolif_Invasive_Tumor
1091,C_1092,Prolif_Invasive_Tumor
1092,C_1093,Endothelial
1093,C_1094,Macrophages_1
1094,C_1095,Endothelial
1095,C_1096,Prolif_Invasive_Tumor
1096,C_1097,Macrophages_1
1097,C_1098,Prolif_Invasive_Tumor
1098,C_1099,Macrophages_1
1099,C_1100,Macrophages_1
1100,C_1101,Macrophages_1
1101,C_1102,Macrophages_1
1102,C_1103,Macrophages_1
1103,C_1104,B_Cells
1104,C_1105,Endothelial
1105,C_1106,CD8+_T_Cells
1106,C_1107,T_Cell_&_Tumor_Hybrid
1107,C_1108,Macrophages_1
1108,C_1109,Prolif_Invasive_Tumor
1109,C_1110,Endothelial
1110,C_1111,Endothelial
1111,C_1112,Endothelial
1112,C_1113,Endothelial
1113,C_1114,CD8+_T_Cells
1114,C_1115,Prolif_Invasive_Tumor
1115,C_1116,Endothelial
1116,C_1117,Prolif_Invasive_Tumor
1117,C_1118,Endothelial
1118,C_1119,Macrophages_1
1119,C_1120,Endothelial
1120,C_1121,Macrophages_1
1121,C_1122,Endothelial
1122,C_1123,Macrophages_1
1123,C_1124,Prolif_Invasive_Tumor
1124,C_1125,CD8+_T_Cells
1125,C_1126,Endothelial
1126,C_1127,Stromal
1127,C_1128,CD4+_T_Cells
1128,C_1129,B_Cells
1129,C_1130,Prolif_Invasive_Tumor
1130,C_1131,Prolif_Invasive_Tumor
1131,C_1132,Macrophages_1
1132,C_1133,T_Cell_&_Tumor_Hybrid
1133,C_1134,Macrophages_1
1134,C_1135,Prolif_Invasive_Tumor
1135,C_1136,B_Cells
1136,C_1137,Macrophages_1
1137,C_1138,Macrophages_1
1138,C_1139,Endothelial
1139,C_1140,Stromal
1140,C_1141,Prolif_Invasive_Tumor
1141,C_1142,T_Cell_&_Tumor_Hybrid
1142,C_1143,Prolif_Invasive_Tumor
1143,C_1144,Endothelial
1144,C_1145,B_Cells
1145,C_1146,CD8+_T_Cells
1146,C_1147,Endothelial
1147,C_1148,Prolif_Invasive_Tumor
1148,C_1149,Endothelial
1149,C_1150,Prolif_Invasive_Tumor
1150,C_1151,Prolif_Invasive_Tumor
1151,C_1152,T_Cell_&_Tumor_Hybrid
1152,C_1153,Macrophages_1
1153,C_1154,CD8+_T_Cells
1154,C_1155,Endothelial
1155,C_1156,Macrophages_1
1156,C_1157,Endothelial
1157,C_1158,Endothelial
1158,C_1159,Prolif_Invasive_Tumor
1159,C_1160,Macrophages_1
1160,C_1161,Endothelial
1161,C_1162,Macrophages_1
1162,C_1163,Endothelial
1163,C_1164,Endothelial
1164,C_1165,Prolif_Invasive_Tumor
1165,C_1166,Macrophages_1
1166,C_1167,Endothelial
1167,C_1168,CD4+_T_Cells
1168,C_1169,Macrophages_1
1169,C_1170,Prolif_Invasive_Tumor
1170,C_1171,Stromal
1171,C_1172,Macrophages_1
1172,C_1173,Macrophages_1
1173,C_1174,Macrophages_1
1174,C_1175,Prolif_Invasive_Tumor
1175,C_1176,Stromal
1176,C_1177,Endothelial
1177,C_1178,Macrophages_1
1178,C_1179,Macrophages_1
1179,C_1180,Prolif_Invasive_Tumor
1180,C_1181,Endothelial
1181,C_1182,Prolif_Invasive_Tumor
1182,C_1183,Endothelial
1183,C_1184,Stromal
1184,C_1185,Macrophages_1
1185,C_1186,Prolif_Invasive_Tumor
1186,C_1187,Endothelial
1187,C_1188,Macrophages_1
1188,C_1189,Prolif_Invasive_Tumor
1189,C_1190,Endothelial
1190,C_1191,Macrophages_1
1191,C_1192,Stromal
1192,C_1193,Prolif_Invasive_Tumor
1193,C_1194,Prolif_Invasive_Tumor
1194,C_1195,Prolif_Invasive_Tumor
1195,C_1196,Stromal
1196,C_1197,CD8+_T_Cells
1197,C_1198,T_Cell_&_Tumor_Hybrid
1198,C_1199,B_Cells
1199,C_1200,Prolif_Invasive_Tumor
1200,C_1201,Endothelial
1201,C_1202,CD4+_T_Cells
1202,C_1203,Prolif_Invasive_Tumor
1203,C_1204,Stromal
1204,C_1205,Macrophages_1
1205,C_1206,Stromal
1206,C_1207,CD8+_T_Cells
1207,C_1208,Macrophages_1
1208,C_1209,Macrophages_1
1209,C_1210,Endothelial
1210,C_1211,Prolif_Invasive_Tumor
1211,C_1212,Endothelial
1212,C_1213,Prolif_Invasive_Tumor
1213,C_1214,Endothelial
1214,C_1215,Endothelial
1215,C_1216,Macrophages_1
1216,C_1217,Macrophages_1
1217,C_1218,Endothelial
1218,C_1219,Macrophages_1
1219,C_1220,CD8+_T_Cells
1220,C_1221,Endothelial
1221,C_1222,CD8+_T_Cells
1222,C_1223,CD4+_T_Cells
1223,C_1224,Prolif_Invasive_Tumor
1224,C_1225,Macrophages_1
1225,C_1226,Endothelial
1226,C_1227,Prolif_Invasive_Tumor
1227,C_1228,Prolif_Invasive_Tumor
1228,C_1229,Macrophages_1
1229,C_1230,Endothelial
1230,C_1231,Prolif_Invasive_Tumor
1231,C_1232,B_Cells
1232,C_1233,Endothelial
1233,C_1234,Prolif_Invasive_Tumor
1234,C_1235,CD8+_T_Cells
1235,C_1236,Macrophages_1
1236,C_1237,Prolif_Invasive_Tumor
1237,C_1238,Macrophages_1
1238,C_1239,Endothelial
1239,C_1240,Stromal
1240,C_1241,Endothelial
1241,C_1242,CD4+_T_Cells
1242,C_1243,Endothelial
1243,C_1244,Endothelial
1244,C_1245,T_Cell_&_Tumor_Hybrid
1245,C_1246,Endothelial
1246,C_1247,Endothelial
1247,C_1248,Macrophages_1
1248,C_1249,CD4+_T_Cells
1249,C_1250,Endothelial
1250,C_1251,Prolif_Invasive_Tumor
1251,C_1252,Prolif_Invasive_Tumor
1252,C_1253,Endothelial
1253,C_1254,Endothelial
1254,C_1255,CD8+_T_Cells
1255,C_1256,Macrophages_1
1256,C_1257,Macrophages_1
1257,C_1258,T_Cell_&_Tumor_Hybrid
1258,C_1259,Macrophages_1
1259,C_1260,Endothelial
1260,C_1261,Macrophages_1
1261,C_1262,CD8+_T_Cells
1262,C_1263,Endothelial
1263,C_1264,T_Cell_&_Tumor_Hybrid
1264,C_1265,Prolif_Invasive_Tumor
1265,C_1266,Endothelial
1266,C_1267,Macrophages_1
1267,C_1268,Endothelial
1268,C_1269,T_Cell_&_Tumor_Hybrid
1269,C_1270,Endothelial
1270,C_1271,Endothelial
1271,C_1272,Prolif_Invasive_Tumor
1272,C_1273,T_Cell_&_Tumor_Hybrid
1273,C_1274,T_Cell_&_Tumor_Hybrid
1274,C_1275,B_Cells
1275,C_1276,Prolif_Invasive_Tumor
1276,C_1277,Macrophages_1
1277,C_1278,Endothelial
1278,C_1279,Prolif_Invasive_Tumor
1279,C_1280,Endothelial
1280,C_1281,Macrophages_1
1281,C_1282,Macrophages_1
1282,C_1283,Macrophages_1
1283,C_1284,Macrophages_1
1284,C_1285,Endothelial
1285,C_1286,Prolif_Invasive_Tumor
1286,C_1287,Macrophages_1
1287,C_1288,Endothelial
1288,C_1289,Endothelial
1289,C_1290,Endothelial
1290,C_1291,Prolif_Invasive_Tumor
1291,C_1292,Endothelial
1292,C_1293,Prolif_Invasive_Tumor
1293,C_1294,Macrophages_1
1294,C_1295,Endothelial
1295,C_1296,Endothelial
1296,C_1297,Macrophages_1
1297,C_1298,Prolif_Invasive_Tumor
1298,C_1299,Endothelial
1299,C_1300,Endothelial
1300,C_1301,Macrophages_1
1301,C_1302,Endothelial
1302,C_1303,Macrophages_1
1303,C_1304,Macrophages_1
1304,C_1305,Endothelial
1305,C_1306,Prolif_Invasive_Tumor
1306,C_1307,Macrophages_1
1307,C_1308,B_Cells
1308,C_1309,Endothelial
1309,C_1310,T_Cell_&_Tumor_Hybrid
1310,C_1311,Prolif_Invasive_Tumor
1311,C_1312,Macrophages_1
1312,C_1313,Endothelial
1313,C_1314,B_Cells
1314,C_1315,Prolif_Invasive_Tumor
1315,C_1316,Endothelial
1316,C_1317,Prolif_Invasive_Tumor
1317,C_1318,Macrophages_1
1318,C_1319,CD8+_T_Cells
1319,C_1320,Endothelial
1320,C_1321,Endothelial
1321,C_1322,Endothelial
1322,C_1323,Prolif_Invasive_Tumor
1323,C_1324,Macrophages_1
1324,C_1325,CD4+_T_Cells
1325,C_1326,B_Cells
1326,C_1327,Prolif_Invasive_Tumor
1327,C_1328,Macrophages_1
1328,C_1329,Prolif_Invasive_Tumor
1329,C_1330,Prolif_Invasive_Tumor
1330,C_1331,Endothelial
1331,C_1332,Macrophages_1
1332,C_1333,Macrophages_1
1333,C_1334,Prolif_Invasive_Tumor
1334,C_1335,Macrophages_1
1335,C_1336,Macrophages_1
1336,C_1337,Endothelial
1337,C_1338,Prolif_Invasive_Tumor
1338,C_1339,Endothelial
1339,C_1340,Endothelial
1340,C_1341,Macrophages_1
1341,C_1342,Endothelial
1342,C_1343,Macrophages_1
1343,C_1344,Endothelial
1344,C_1345,Prolif_Invasive_Tumor
1345,C_1346,Endothelial
1346,C_1347,Prolif_Invasive_Tumor
1347,C_1348,Prolif_Invasive_Tumor
1348,C_1349,Endothelial
1349,C_1350,Stromal
1350,C_1351,Endothelial
1351,C_1352,Macrophages_1
1352,C_1353,Prolif_Invasive_Tumor
1353,C_1354,Macrophages_1
1354,C_1355,Prolif_Invasive_Tumor
1355,C_1356,Macrophages_1
1356,C_1357,T_Cell_&_Tumor_Hybrid
1357,C_1358,Prolif_Invasive_Tumor
1358,C_1359,Stromal
1359,C_1360,CD8+_T_Cells
1360,C_1361,Endothelial
1361,C_1362,Endothelial
1362,C_1363,Macrophages_1
1363,C_1364,Prolif_Invasive_Tumor
1364,C_1365,Endothelial
1365,C_1366,Prolif_Invasive_Tumor
1366,C_1367,Prolif_Invasive_Tumor
1367,C_1368,Prolif_Invasive_Tumor
1368,C_1369,Endothelial
1369,C_1370,Prolif_Invasive_Tumor
1370,C_1371,Prolif_Invasive_Tumor
1371,C_1372,CD8+_T_Cells
1372,C_1373,Endothelial
1373,C_1374,Macrophages_1
1374,C_1375,Prolif_Invasive_Tumor
1375,C_1376,Endothelial
1376,C_1377,Endothelial
1377,C_1378,T_Cell_&_Tumor_Hybrid
1378,C_1379,Macrophages_1
1379,C_1380,CD8+_T_Cells
1380,C_1381,CD8+_T_Cells
1381,C_1382,T_Cell_&_Tumor_Hybrid
1382,C_1383,Endothelial
1383,C_1384,B_Cells
1384,C_1385,Endothelial
1385,C_1386,T_Cell_&_Tumor_Hybrid
1386,C_1387,Prolif_Invasive_Tumor
1387,C_1388,Stromal
1388,C_1389,Macrophages_1
1389,C_1390,CD8+_T_Cells
1390,C_1391,Endothelial
1391,C_1392,CD8+_T_Cells
1392,C_1393,CD8+_T_Cells
1393,C_1394,Endothelial
1394,C_1395,Prolif_Invasive_Tumor
1395,C_1396,Stromal
1396,C_1397,CD8+_T_Cells
1397,C_1398,Endothelial
1398,C_1399,Stromal
1399,C_1400,CD8+_T_Cells
1400,C_1401,Macrophages_1
1401,C_1402,Endothelial
1402,C_1403,Macrophages_1
1403,C_1404,B_Cells
1404,C_1405,Endothelial
1405,C_1406,Prolif_Invasive_Tumor
1406,C_1407,Endothelial
1407,C_1408,Endothelial
1408,C_1409,Endothelial
1409,C_1410,Macrophages_1
1410,C_1411,Endothelial
1411,C_1412,T_Cell_&_Tumor_Hybrid
1412,C_1413,Prolif_Invasive_Tumor
1413,C_1414,Macrophages_1
1414,C_1415,Prolif_Invasive_Tumor
1415,C_1416,Prolif_Invasive_Tumor
1416,C_1417,T_Cell_&_Tumor_Hybrid
1417,C_1418,B_Cells
1418,C_1419,Macrophages_1
1419,C_1420,Endothelial
1420,C_1421,Macrophages_1
1421,C_1422,B_Cells
1422,C_1423,Macrophages_1
1423,C_1424,Endothelial
1424,C_1425,Endothelial
1425,C_1426,Macrophages_1
1426,C_1427,Endothelial
1427,C_1428,Endothelial
1428,C_1429,B_Cells
1429,C_1430,Macrophages_1
1430,C_1431,Prolif_Invasive_Tumor
1431,C_1432,Macrophages_1
1432,C_1433,B_Cells
1433,C_1434,Prolif_Invasive_Tumor
1434,C_1435,Prolif_Invasive_Tumor
1435,C_1436,Prolif_Invasive_Tumor
1436,C_1437,Prolif_Invasive_Tumor
1437,C_1438,T_Cell_&_Tumor_Hybrid
1438,C_1439,Prolif_Invasive_Tumor
1439,C_1440,Prolif_Invasive_Tumor
1440,C_1441,Macrophages_1
1441,C_1442,CD4+_T_Cells
1442,C_1443,Macrophages_1
1443,C_1444,B_Cells
1444,C_1445,Endothelial
1445,C_1446,CD8+_T_Cells
1446,C_1447,CD8+_T_Cells
1447,C_1448,T_Cell_&_Tumor_Hybrid
1448,C_1449,CD8+_T_Cells
1449,C_1450,T_Cell_&_Tumor_Hybrid
1450,C_1451,B_Cells
1451,C_1452,Macrophages_1
1452,C_1453,T_Cell_&_Tumor_Hybrid
1453,C_1454,CD8+_T_Cells
1454,C_1455,CD8+_T_Cells
1455,C_1456,Macrophages_1
1456,C_1457,Macrophages_1
1457,C_1458,T_Cell_&_Tumor_Hybrid
1458,C_1459,B_Cells
1459,C_1460,Macrophages_1
1460,C_1461,Macrophages_1
1461,C_1462,B_Cells
1462,C_1463,Macrophages_1
1463,C_1464,Macrophages_1
1464,C_1465,T_Cell_&_Tumor_Hybrid
1465,C_1466,Macrophages_1
1466,C_1467,CD8+_T_Cells
1467,C_1468,Endothelial
1468,C_1469,Macrophages_1
1469,C_1470,Macrophages_1
1470,C_1471,Endothelial
1471,C_1472,Endothelial
1472,C_1473,Endothelial
1473,C_1474,Macrophages_1
1474,C_1475,CD8+_T_Cells
1475,C_1476,T_Cell_&_Tumor_Hybrid
1476,C_1477,Macrophages_1
1477,C_1478,Macrophages_1
1478,C_1479,T_Cell_&_Tumor_Hybrid
1479,C_1480,Macrophages_1
1480,C_1481,T_Cell_&_Tumor_Hybrid
1481,C_1482,T_Cell_&_Tumor_Hybrid
1482,C_1483,CD8+_T_Cells
1483,C_1484,CD8+_T_Cells
1484,C_1485,Macrophages_1
1485,C_1486,CD4+_T_Cells
1486,C_1487,Macrophages_1
1487,C_1488,CD8+_T_Cells
1488,C_1489,Macrophages_1
1489,C_1490,CD8+_T_Cells
1490,C_1491,Macrophages_1
1491,C_1492,B_Cells
1492,C_1493,CD4+_T_Cells
1493,C_1494,Macrophages_1
1494,C_1495,Macrophages_1
1495,C_1496,B_Cells
1496,C_1497,Endothelial
1497,C_1498,Macrophages_1
1498,C_1499,CD8+_T_Cells
1499,C_1500,Macrophages_1
1500,C_1501,Macrophages_1
1501,C_1502,T_Cell_&_Tumor_Hybrid
1502,C_1503,T_Cell_&_Tumor_Hybrid
1503,C_1504,Macrophages_1
1504,C_1505,Macrophages_1
1505,C_1506,CD8+_T_Cells
1506,C_1507,Macrophages_1
1507,C_1508,Macrophages_1
1508,C_1509,Macrophages_1
1509,C_1510,T_Cell_&_Tumor_Hybrid
1510,C_1511,Macrophages_1
1511,C_1512,Macrophages_1
1512,C_1513,Macrophages_1
1513,C_1514,Macrophages_1
1514,C_1515,CD8+_T_Cells
1515,C_1516,CD8+_T_Cells
1516,C_1517,B_Cells
1517,C_1518,CD8+_T_Cells
1518,C_1519,Endothelial
1519,C_1520,Endothelial
1520,C_1521,T_Cell_&_Tumor_Hybrid
1521,C_1522,Endothelial
1522,C_1523,B_Cells
1523,C_1524,Endothelial
1524,C_1525,B_Cells
1525,C_1526,Macrophages_1
1526,C_1527,Macrophages_1
1527,C_1528,Macrophages_1
1528,C_1529,Macrophages_1
1529,C_1530,T_Cell_&_Tumor_Hybrid
1530,C_1531,B_Cells
1531,C_1532,Endothelial
1532,C_1533,CD8+_T_Cells
1533,C_1534,Macrophages_1
1534,C_1535,B_Cells
1535,C_1536,CD4+_T_Cells
1536,C_1537,Macrophages_1
1537,C_1538,Macrophages_1
1538,C_1539,Endothelial
1539,C_1540,Macrophages_1
1540,C_1541,Macrophages_1
1541,C_1542,CD4+_T_Cells
1542,C_1543,Macrophages_1
1543,C_1544,Macrophages_1
1544,C_1545,Macrophages_1
1545,C_1546,Macrophages_1
1546,C_1547,T_Cell_&_Tumor_Hybrid
1547,C_1548,Macrophages_1
1548,C_1549,Macrophages_1
1549,C_1550,Macrophages_1
1550,C_1551,Macrophages_1
1551,C_1552,Macrophages_1
1552,C_1553,Macrophages_1
1553,C_1554,T_Cell_&_Tumor_Hybrid
1554,C_1555,CD8+_T_Cells
1555,C_1556,CD8+_T_Cells
1556,C_1557,CD8+_T_Cells
1557,C_1558,Macrophages_1
1558,C_1559,Endothelial
1559,C_1560,Macrophages_1
1560,C_1561,Macrophages_1
1561,C_1562,B_Cells
1562,C_1563,Macrophages_1
1563,C_1564,Macrophages_1
1564,C_1565,Macrophages_1
1565,C_1566,B_Cells
1566,C_1567,Macrophages_1
1567,C_1568,B_Cells
1568,C_1569,Macrophages_1
1569,C_1570,CD8+_T_Cells
1570,C_1571,CD4+_T_Cells
1571,C_1572,CD4+_T_Cells
1572,C_1573,CD8+_T_Cells
1573,C_1574,Macrophages_1
1574,C_1575,Macrophages_1
1575,C_1576,CD8+_T_Cells
1576,C_1577,Macrophages_1
1577,C_1578,Macrophages_1
1578,C_1579,B_Cells
1579,C_1580,Macrophages_1
1580,C_1581,Macrophages_1
1581,C_1582,Macrophages_1
1582,C_1583,CD8+_T_Cells
1583,C_1584,CD4+_T_Cells
1584,C_1585,Endothelial
1585,C_1586,Macrophages_1
1586,C_1587,Macrophages_1
1587,C_1588,Macrophages_1
1588,C_1589,Endothelial
1589,C_1590,B_Cells
1590,C_1591,Macrophages_1
1591,C_1592,Endothelial
1592,C_1593,B_Cells
1593,C_1594,Endothelial
1594,C_1595,Macrophages_1
1595,C_1596,Macrophages_1
1596,C_1597,Macrophages_1
1597,C_1598,CD8+_T_Cells
1598,C_1599,Endothelial
1599,C_1600,T_Cell_&_Tumor_Hybrid
1600,C_1601,Macrophages_1
1601,C_1602,Macrophages_1
1602,C_1603,Endothelial
1603,C_1604,Endothelial
1604,C_1605,CD8+_T_Cells
1605,C_1606,CD8+_T_Cells
1606,C_1607,T_Cell_&_Tumor_Hybrid
1607,C_1608,B_Cells
1608,C_1609,CD4+_T_Cells
1609,C_1610,T_Cell_&_Tumor_Hybrid
1610,C_1611,Macrophages_1
1611,C_1612,Endothelial
1612,C_1613,CD8+_T_Cells
1613,C_1614,CD4+_T_Cells
1614,C_1615,Endothelial
1615,C_1616,Macrophages_1
1616,C_1617,CD8+_T_Cells
1617,C_1618,Macrophages_1
1618,C_1619,Endothelial
1619,C_1620,Endothelial
1620,C_1621,Macrophages_1
1621,C_1622,CD8+_T_Cells
1622,C_1623,T_Cell_&_Tumor_Hybrid
1623,C_1624,Macrophages_1
1624,C_1625,CD8+_T_Cells
1625,C_1626,CD8+_T_Cells
1626,C_1627,T_Cell_&_Tumor_Hybrid
1627,C_1628,CD8+_T_Cells
1628,C_1629,CD8+_T_Cells
1629,C_1630,CD8+_T_Cells
1630,C_1631,T_Cell_&_Tumor_Hybrid
1631,C_1632,CD8+_T_Cells
1632,C_1633,CD8+_T_Cells
1633,C_1634,CD8+_T_Cells
1634,C_1635,CD4+_T_Cells
1635,C_1636,CD8+_T_Cells
1636,C_1637,B_Cells
1637,C_1638,T_Cell_&_Tumor_Hybrid
1638,C_1639,T_Cell_&_Tumor_Hybrid
1639,C_1640,CD8+_T_Cells
1640,C_1641,CD8+_T_Cells
1641,C_1642,CD4+_T_Cells
1642,C_1643,CD8+_T_Cells
1643,C_1644,CD8+_T_Cells
1644,C_1645,CD8+_T_Cells
1645,C_1646,B_Cells
1646,C_1647,CD8+_T_Cells
1647,C_1648,CD4+_T_Cells
1648,C_1649,T_Cell_&_Tumor_Hybrid
1649,C_1650,CD4+_T_Cells
1650,C_1651,CD8+_T_Cells
1651,C_1652,B_Cells
1652,C_1653,B_Cells
1653,C_1654,T_Cell_&_Tumor_Hybrid
1654,C_1655,CD8+_T_Cells
1655,C_1656,CD8+_T_Cells
1656,C_1657,T_Cell_&_Tumor_Hybrid
1657,C_1658,B_Cells
1658,C_1659,CD8+_T_Cells
1659,C_1660,B_Cells
1660,C_1661,CD8+_T_Cells
1661,C_1662,CD8+_T_Cells
1662,C_1663,CD4+_T_Cells
1663,C_1664,B_Cells
1664,C_1665,T_Cell_&_Tumor_Hybrid
1665,C_1666,B_Cells
1666,C_1667,CD8+_T_Cells
1667,C_1668,T_Cell_&_Tumor_Hybrid
1668,C_1669,T_Cell_&_Tumor_Hybrid
1669,C_1670,CD4+_T_Cells
1670,C_1671,T_Cell_&_Tumor_Hybrid
1671,C_1672,T_Cell_&_Tumor_Hybrid
1672,C_1673,T_Cell_&_Tumor_Hybrid
1673,C_1674,B_Cells
1674,C_1675,CD4+_T_Cells
1675,C_1676,T_Cell_&_Tumor_Hybrid
1676,C_1677,B_Cells
1677,C_1678,CD4+_T_Cells
1678,C_1679,CD8+_T_Cells
1679,C_1680,T_Cell_&_Tumor_Hybrid
1680,C_1681,T_Cell_&_Tumor_Hybrid
1681,C_1682,B_Cells
1682,C_1683,T_Cell_&_Tumor_Hybrid
1683,C_1684,CD4+_T_Cells
1684,C_1685,T_Cell_&_Tumor_Hybrid
1685,C_1686,B_Cells
1686,C_1687,CD8+_T_Cells
1687,C_1688,B_Cells
1688,C_1689,B_Cells
1689,C_1690,CD8+_T_Cells
1690,C_1691,CD8+_T_Cells
1691,C_1692,CD8+_T_Cells
1692,C_1693,B_Cells
1693,C_1694,B_Cells
1694,C_1695,T_Cell_&_Tumor_Hybrid
1695,C_1696,CD4+_T_Cells
1696,C_1697,CD8+_T_Cells
1697,C_1698,CD8+_T_Cells
1698,C_1699,B_Cells
1699,C_1700,B_Cells
1700,C_1701,CD8+_T_Cells
1701,C_1702,T_Cell_&_Tumor_Hybrid
1702,C_1703,CD8+_T_Cells
1703,C_1704,T_Cell_&_Tumor_Hybrid
1704,C_1705,T_Cell_&_Tumor_Hybrid
1705,C_1706,CD4+_T_Cells
1706,C_1707,CD8+_T_Cells
1707,C_1708,CD8+_T_Cells
1708,C_1709,CD4+_T_Cells
1709,C_1710,B_Cells
1710,C_1711,B_Cells
1711,C_1712,CD4+_T_Cells
1712,C_1713,T_Cell_&_Tumor_Hybrid
1713,C_1714,B_Cells
1714,C_1715,T_Cell_&_Tumor_Hybrid
1715,C_1716,B_Cells
1716,C_1717,T_Cell_&_Tumor_Hybrid
1717,C_1718,B_Cells
1718,C_1719,CD8+_T_Cells
1719,C_1720,CD4+_T_Cells
1720,C_1721,B_Cells
1721,C_1722,CD8+_T_Cells
1722,C_1723,B_Cells
1723,C_1724,CD8+_T_Cells
1724,C_1725,CD8+_T_Cells
1725,C_1726,CD4+_T_Cells
1726,C_1727,CD8+_T_Cells
1727,C_1728,CD8+_T_Cells
1728,C_1729,B_Cells
1729,C_1730,CD8+_T_Cells
1730,C_1731,T_Cell_&_Tumor_Hybrid
1731,C_1732,T_Cell_&_Tumor_Hybrid
1732,C_1733,B_Cells
1733,C_1734,CD8+_T_Cells
1734,C_1735,CD8+_T_Cells
1735,C_1736,CD8+_T_Cells
1736,C_1737,T_Cell_&_Tumor_Hybrid
1737,C_1738,CD8+_T_Cells
1738,C_1739,CD8+_T_Cells
1739,C_1740,B_Cells
1740,C_1741,B_Cells
1741,C_1742,T_Cell_&_Tumor_Hybrid
1742,C_1743,T_Cell_&_Tumor_Hybrid
1743,C_1744,T_Cell_&_Tumor_Hybrid
1744,C_1745,T_Cell_&_Tumor_Hybrid
1745,C_1746,T_Cell_&_Tumor_Hybrid
1746,C_1747,CD8+_T_Cells
1747,C_1748,T_Cell_&_Tumor_Hybrid
1748,C_1749,CD8+_T_Cells
1749,C_1750,CD4+_T_Cells
1750,C_1751,T_Cell_&_Tumor_Hybrid
1751,C_1752,B_Cells
1752,C_1753,B_Cells
1753,C_1754,CD8+_T_Cells
1754,C_1755,CD8+_T_Cells
1755,C_1756,CD8+_T_Cells
1756,C_1757,CD4+_T_Cells
1757,C_1758,B_Cells
1758,C_1759,CD8+_T_Cells
1759,C_1760,T_Cell_&_Tumor_Hybrid
1760,C_1761,CD4+_T_Cells
1761,C_1762,CD8+_T_Cells
1762,C_1763,CD8+_T_Cells
1763,C_1764,B_Cells
1764,C_1765,CD8+_T_Cells
1765,C_1766,T_Cell_&_Tumor_Hybrid
1766,C_1767,T_Cell_&_Tumor_Hybrid
1767,C_1768,CD4+_T_Cells
1768,C_1769,CD8+_T_Cells
1769,C_1770,T_Cell_&_Tumor_Hybrid
1770,C_1771,B_Cells
1771,C_1772,CD8+_T_Cells
1772,C_1773,CD8+_T_Cells
1773,C_1774,B_Cells
1774,C_1775,CD8+_T_Cells
1775,C_1776,CD8+_T_Cells
1776,C_1777,CD4+_T_Cells
1777,C_1778,B_Cells
1778,C_1779,CD8+_T_Cells
1779,C_1780,T_Cell_&_Tumor_Hybrid
1780,C_1781,B_Cells
1781,C_1782,CD4+_T_Cells
1782,C_1783,B_Cells
1783,C_1784,B_Cells
1784,C_1785,T_Cell_&_Tumor_Hybrid
1785,C_1786,CD4+_T_Cells
1786,C_1787,B_Cells
1787,C_1788,CD8+_T_Cells
1788,C_1789,CD8+_T_Cells
1789,C_1790,CD8+_T_Cells
1790,C_1791,B_Cells
1791,C_1792,CD8+_T_Cells
1792,C_1793,CD8+_T_Cells
1793,C_1794,T_Cell_&_Tumor_Hybrid
1794,C_1795,T_Cell_&_Tumor_Hybrid
1795,C_1796,CD8+_T_Cells
1796,C_1797,T_Cell_&_Tumor_Hybrid
1797,C_1798,T_Cell_&_Tumor_Hybrid
1798,C_1799,T_Cell_&_Tumor_Hybrid
1799,C_1800,T_Cell_&_Tumor_Hybrid
1800,C_1801,CD8+_T_Cells
1801,C_1802,T_Cell_&_Tumor_Hybrid
1802,C_1803,CD8+_T_Cells
1803,C_1804,CD8+_T_Cells
1804,C_1805,B_Cells
1805,C_1806,B_Cells
1806,C_1807,CD8+_T_Cells
1807,C_1808,CD4+_T_Cells
1808,C_1809,CD8+_T_Cells
1809,C_1810,B_Cells
1810,C_1811,B_Cells
1811,C_1812,CD8+_T_Cells
1812,C_1813,T_Cell_&_Tumor_Hybrid
1813,C_1814,B_Cells
1814,C_1815,T_Cell_&_Tumor_Hybrid
1815,C_1816,CD8+_T_Cells
1816,C_1817,CD8+_T_Cells
1817,C_1818,T_Cell_&_Tumor_Hybrid
1818,C_1819,CD4+_T_Cells
1819,C_1820,CD8+_T_Cells
1820,C_1821,CD8+_T_Cells
1821,C_1822,B_Cells
1822,C_1823,B_Cells
1823,C_1824,B_Cells
1824,C_1825,CD8+_T_Cells
1825,C_1826,CD8+_T_Cells
1826,C_1827,B_Cells
1827,C_1828,T_Cell_&_Tumor_Hybrid
1828,C_1829,B_Cells
1829,C_1830,CD4+_T_Cells
1830,C_1831,CD4+_T_Cells
1831,C_1832,CD4+_T_Cells
1832,C_1833,T_Cell_&_Tumor_Hybrid
1833,C_1834,CD4+_T_Cells
1834,C_1835,B_Cells
1835,C_1836,CD8+_T_Cells
1836,C_1837,CD8+_T_Cells
1837,C_1838,CD8+_T_Cells
1838,C_1839,T_Cell_&_Tumor_Hybrid
1839,C_1840,CD8+_T_Cells
1840,C_1841,T_Cell_&_Tumor_Hybrid
1841,C_1842,T_Cell_&_Tumor_Hybrid
1842,C_1843,CD8+_T_Cells
1843,C_1844,B_Cells
1844,C_1845,CD4+_T_Cells
1845,C_1846,CD8+_T_Cells
1846,C_1847,B_Cells
1847,C_1848,CD4+_T_Cells
1848,C_1849,CD8+_T_Cells
1849,C_1850,T_Cell_&_Tumor_Hybrid
1850,C_1851,T_Cell_&_Tumor_Hybrid
1851,C_1852,T_Cell_&_Tumor_Hybrid
1852,C_1853,T_Cell_&_Tumor_Hybrid
1853,C_1854,CD8+_T_Cells
1854,C_1855,CD8+_T_Cells
1855,C_1856,CD8+_T_Cells
1856,C_1857,CD8+_T_Cells
1857,C_1858,CD8+_T_Cells
1858,C_1859,CD8+_T_Cells
1859,C_1860,CD4+_T_Cells
1860,C_1861,CD8+_T_Cells
1861,C_1862,CD8+_T_Cells
1862,C_1863,CD8+_T_Cells
1863,C_1864,T_Cell_&_Tumor_Hybrid
1864,C_1865,CD4+_T_Cells
1865,C_1866,CD8+_T_Cells
1866,C_1867,CD8+_T_Cells
1867,C_1868,B_Cells
1868,C_1869,T_Cell_&_Tumor_Hybrid
1869,C_1870,T_Cell_&_Tumor_Hybrid
1870,C_1871,B_Cells
1871,C_1872,T_Cell_&_Tumor_Hybrid
1872,C_1873,CD4+_T_Cells
1873,C_1874,CD8+_T_Cells
1874,C_1875,T_Cell_&_Tumor_Hybrid
1875,C_1876,CD8+_T_Cells
1876,C_1877,B_Cells
1877,C_1878,CD4+_T_Cells
1878,C_1879,B_Cells
1879,C_1880,CD8+_T_Cells
1880,C_1881,T_Cell_&_Tumor_Hybrid
1881,C_1882,T_Cell_&_Tumor_Hybrid
1882,C_1883,CD8+_T_Cells
1883,C_1884,T_Cell_&_Tumor_Hybrid
1884,C_1885,B_Cells
1885,C_1886,CD4+_T_Cells
1886,C_1887,B_Cells
1887,C_1888,CD8+_T_Cells
1888,C_1889,CD4+_T_Cells
1889,C_1890,B_Cells
1890,C_1891,B_Cells
1891,C_1892,CD8+_T_Cells
1892,C_1893,T_Cell_&_Tumor_Hybrid
1893,C_1894,B_Cells
1894,C_1895,CD4+_T_Cells
1895,C_1896,T_Cell_&_Tumor_Hybrid
1896,C_1897,CD8+_T_Cells
1897,C_1898,CD8+_T_Cells
1898,C_1899,T_Cell_&_Tumor_Hybrid
1899,C_1900,CD8+_T_Cells
1900,C_1901,T_Cell_&_Tumor_Hybrid
1901,C_1902,B_Cells
1902,C_1903,B_Cells
1903,C_1904,CD8+_T_Cells
1904,C_1905,CD8+_T_Cells
1905,C_1906,CD4+_T_Cells
1906,C_1907,CD8+_T_Cells
1907,C_1908,B_Cells
1908,C_1909,CD8+_T_Cells
1909,C_1910,T_Cell_&_Tumor_Hybrid
1910,C_1911,T_Cell_&_Tumor_Hybrid
1911,C_1912,B_Cells
1912,C_1913,B_Cells
1913,C_1914,CD4+_T_Cells
1914,C_1915,CD8+_T_Cells
1915,C_1916,B_Cells
1916,C_1917,CD8+_T_Cells
1917,C_1918,B_Cells
1918,C_1919,T_Cell_&_Tumor_Hybrid
1919,C_1920,CD8+_T_Cells
1920,C_1921,B_Cells
1921,C_1922,B_Cells
1922,C_1923,T_Cell_&_Tumor_Hybrid
1923,C_1924,CD8+_T_Cells
1924,C_1925,CD8+_T_Cells
1925,C_1926,CD8+_T_Cells
1926,C_1927,CD8+_T_Cells
1927,C_1928,CD8+_T_Cells
1928,C_1929,CD8+_T_Cells
1929,C_1930,T_Cell_&_Tumor_Hybrid
1930,C_1931,CD4+_T_Cells
1931,C_1932,CD8+_T_Cells
1932,C_1933,CD8+_T_Cells
1933,C_1934,T_Cell_&_Tumor_Hybrid
1934,C_1935,T_Cell_&_Tumor_Hybrid
1935,C_1936,T_Cell_&_Tumor_Hybrid
1936,C_1937,B_Cells
1937,C_1938,B_Cells
1938,C_1939,B_Cells
1939,C_1940,T_Cell_&_Tumor_Hybrid
1940,C_1941,CD8+_T_Cells
1941,C_1942,T_Cell_&_Tumor_Hybrid
1942,C_1943,CD8+_T_Cells
1943,C_1944,T_Cell_&_Tumor_Hybrid
1944,C_1945,CD8+_T_Cells
1945,C_1946,B_Cells
1946,C_1947,T_Cell_&_Tumor_Hybrid
1947,C_1948,CD4+_T_Cells
1948,C_1949,B_Cells
1949,C_1950,CD8+_T_Cells
1950,C_1951,T_Cell_&_Tumor_Hybrid
1951,C_1952,CD4+_T_Cells
1952,C_1953,CD4+_T_Cells
1953,C_1954,CD8+_T_Cells
1954,C_1955,CD8+_T_Cells
1955,C_1956,CD8+_T_Cells
1956,C_1957,CD8+_T_Cells
1957,C_1958,B_Cells
1958,C_1959,CD8+_T_Cells
1959,C_1960,B_Cells
1960,C_1961,CD8+_T_Cells
1961,C_1962,CD4+_T_Cells
1962,C_1963,B_Cells
1963,C_1964,B_Cells
1964,C_1965,CD8+_T_Cells
1965,C_1966,CD4+_T_Cells
1966,C_1967,CD8+_T_Cells
1967,C_1968,T_Cell_&_Tumor_Hybrid
1968,C_1969,B_Cells
1969,C_1970,T_Cell_&_Tumor_Hybrid
1970,C_1971,CD8+_T_Cells
1971,C_1972,T_Cell_&_Tumor_Hybrid
1972,C_1973,CD4+_T_Cells
1973,C_1974,B_Cells
1974,C_1975,CD8+_T_Cells
1975,C_1976,CD8+_T_Cells
1976,C_1977,CD8+_T_Cells
1977,C_1978,CD8+_T_Cells
1978,C_1979,T_Cell_&_Tumor_Hybrid
1979,C_1980,T_Cell_&_Tumor_Hybrid
1980,C_1981,CD8+_T_Cells
1981,C_1982,T_Cell_&_Tumor_Hybrid
1982,C_1983,T_Cell_&_Tumor_Hybrid
1983,C_1984,CD8+_T_Cells
1984,C_1985,CD8+_T_Cells
1985,C_1986,B_Cells
1986,C_1987,CD8+_T_Cells
1987,C_1988,CD4+_T_Cells
1988,C_1989,B_Cells
1989,C_1990,CD8+_T_Cells
1990,C_1991,CD8+_T_Cells
1991,C_1992,T_Cell_&_Tumor_Hybrid
1992,C_1993,T_Cell_&_Tumor_Hybrid
1993,C_1994,B_Cells
1994,C_1995,T_Cell_&_Tumor_Hybrid
1995,C_1996,CD8+_T_Cells
1996,C_1997,CD4+_T_Cells
1997,C_1998,CD8+_T_Cells
1998,C_1999,CD8+_T_Cells
1999,C_2000,CD8+_T_Cells
2000,C_2001,CD8+_T_Cells
2001,C_2002,CD4+_T_Cells
2002,C_2003,B_Cells
2003,C_2004,T_Cell_&_Tumor_Hybrid
2004,C_2005,T_Cell_&_Tumor_Hybrid
2005,C_2006,CD4+_T_Cells
2006,C_2007,CD8+_T_Cells
2007,C_2008,B_Cells
2008,C_2009,B_Cells
2009,C_2010,B_Cells
2010,C_2011,T_Cell_&_Tumor_Hybrid
2011,C_2012,T_Cell_&_Tumor_Hybrid
2012,C_2013,CD8+_T_Cells
2013,C_2014,T_Cell_&_Tumor_Hybrid
2014,C_2015,T_Cell_&_Tumor_Hybrid
2015,C_2016,CD8+_T_Cells
2016,C_2017,CD8+_T_Cells
2017,C_2018,CD8+_T_Cells
2018,C_2019,B_Cells
2019,C_2020,CD8+_T_Cells
2020,C_2021,B_Cells
2021,C_2022,CD8+_T_Cells
2022,C_2023,CD8+_T_Cells
2023,C_2024,T_Cell_&_Tumor_Hybrid
2024,C_2025,B_Cells
2025,C_2026,CD8+_T_Cells
2026,C_2027,CD8+_T_Cells
2027,C_2028,B_Cells
2028,C_2029,CD8+_T_Cells
2029,C_2030,CD8+_T_Cells
2030,C_2031,CD8+_T_Cells
2031,C_2032,B_Cells
2032,C_2033,CD4+_T_Cells
2033,C_2034,CD4+_T_Cells
2034,C_2035,B_Cells
2035,C_2036,CD4+_T_Cells
2036,C_2037,T_Cell_&_Tumor_Hybrid
2037,C_2038,CD4+_T_Cells
2038,C_2039,B_Cells
2039,C_2040,B_Cells
2040,C_2041,B_Cells
2041,C_2042,CD8+_T_Cells
2042,C_2043,CD8+_T_Cells
2043,C_2044,B_Cells
2044,C_2045,CD8+_T_Cells
2045,C_2046,CD8+_T_Cells
2046,C_2047,T_Cell_&_Tumor_Hybrid
2047,C_2048,T_Cell_&_Tumor_Hybrid
2048,C_2049,CD8+_T_Cells
2049,C_2050,T_Cell_&_Tumor_Hybrid
2050,C_2051,B_Cells
2051,C_2052,CD4+_T_Cells
2052,C_2053,T_Cell_&_Tumor_Hybrid
2053,C_2054,T_Cell_&_Tumor_Hybrid
2054,C_2055,CD8+_T_Cells
2055,C_2056,CD4+_T_Cells
2056,C_2057,CD8+_T_Cells
2057,C_2058,CD8+_T_Cells
2058,C_2059,B_Cells
2059,C_2060,T_Cell_&_Tumor_Hybrid
2060,C_2061,T_Cell_&_Tumor_Hybrid
2061,C_2062,CD8+_T_Cells
2062,C_2063,CD8+_T_Cells
2063,C_2064,T_Cell_&_Tumor_Hybrid
2064,C_2065,T_Cell_&_Tumor_Hybrid
2065,C_2066,T_Cell_&_Tumor_Hybrid
2066,C_2067,CD8+_T_Cells
2067,C_2068,CD8+_T_Cells
2068,C_2069,CD4+_T_Cells
2069,C_2070,CD8+_T_Cells
2070,C_2071,B_Cells
2071,C_2072,CD4+_T_Cells
2072,C_2073,T_Cell_&_Tumor_Hybrid
2073,C_2074,B_Cells
2074,C_2075,CD8+_T_Cells
2075,C_2076,CD4+_T_Cells
2076,C_2077,T_Cell_&_Tumor_Hybrid
2077,C_2078,T_Cell_&_Tumor_Hybrid
2078,C_2079,T_Cell_&_Tumor_Hybrid
2079,C_2080,CD8+_T_Cells
2080,C_2081,CD8+_T_Cells
2081,C_2082,CD8+_T_Cells
2082,C_2083,T_Cell_&_Tumor_Hybrid
2083,C_2084,T_Cell_&_Tumor_Hybrid
2084,C_2085,CD8+_T_Cells
2085,C_2086,B_Cells
2086,C_2087,CD8+_T_Cells
2087,C_2088,T_Cell_&_Tumor_Hybrid
2088,C_2089,B_Cells
2089,C_2090,B_Cells
2090,C_2091,B_Cells
2091,C_2092,CD4+_T_Cells
2092,C_2093,CD8+_T_Cells
2093,C_2094,CD4+_T_Cells
2094,C_2095,B_Cells
2095,C_2096,B_Cells
2096,C_2097,CD8+_T_Cells
2097,C_2098,T_Cell_&_Tumor_Hybrid
2098,C_2099,CD8+_T_Cells
2099,C_2100,T_Cell_&_Tumor_Hybrid
2100,C_2101,T_Cell_&_Tumor_Hybrid
2101,C_2102,CD4+_T_Cells
2102,C_2103,CD4+_T_Cells
2103,C_2104,CD4+_T_Cells
2104,C_2105,T_Cell_&_Tumor_Hybrid
2105,C_2106,B_Cells
2106,C_2107,CD4+_T_Cells
2107,C_2108,B_Cells
2108,C_2109,B_Cells
2109,C_2110,T_Cell_&_Tumor_Hybrid
2110,C_2111,B_Cells
2111,C_2112,B_Cells
2112,C_2113,T_Cell_&_Tumor_Hybrid
2113,C_2114,B_Cells
2114,C_2115,T_Cell_&_Tumor_Hybrid
2115,C_2116,T_Cell_&_Tumor_Hybrid
2116,C_2117,CD8+_T_Cells
2117,C_2118,T_Cell_&_Tumor_Hybrid
2118,C_2119,B_Cells
2119,C_2120,T_Cell_&_Tumor_Hybrid
2120,C_2121,B_Cells
2121,C_2122,CD4+_T_Cells
2122,C_2123,CD4+_T_Cells
2123,C_2124,T_Cell_&_Tumor_Hybrid
2124,C_2125,B_Cells
2125,C_2126,CD8+_T_Cells
2126,C_2127,B_Cells
2127,C_2128,B_Cells
2128,C_2129,CD8+_T_Cells
2129,C_2130,CD8+_T_Cells
2130,C_2131,T_Cell_&_Tumor_Hybrid
2131,C_2132,T_Cell_&_Tumor_Hybrid
2132,C_2133,B_Cells
2133,C_2134,T_Cell_&_Tumor_Hybrid
2134,C_2135,T_Cell_&_Tumor_Hybrid
2135,C_2136,B_Cells
2136,C_2137,T_Cell_&_Tumor_Hybrid
2137,C_2138,B_Cells
2138,C_2139,T_Cell_&_Tumor_Hybrid
2139,C_2140,B_Cells
2140,C_2141,B_Cells
2141,C_2142,CD4+_T_Cells
2142,C_2143,T_Cell_&_Tumor_Hybrid
2143,C_2144,CD8+_T_Cells
2144,C_2145,CD4+_T_Cells
2145,C_2146,T_Cell_&_Tumor_Hybrid
2146,C_2147,T_Cell_&_Tumor_Hybrid
2147,C_2148,CD4+_T_Cells
2148,C_2149,T_Cell_&_Tumor_Hybrid
2149,C_2150,T_Cell_&_Tumor_Hybrid
2150,C_2151,CD4+_T_Cells
2151,C_2152,B_Cells
2152,C_2153,T_Cell_&_Tumor_Hybrid
2153,C_2154,B_Cells
2154,C_2155,B_Cells
2155,C_2156,CD4+_T_Cells
2156,C_2157,B_Cells
2157,C_2158,T_Cell_&_Tumor_Hybrid
2158,C_2159,T_Cell_&_Tumor_Hybrid
2159,C_2160,T_Cell_&_Tumor_Hybrid
2160,C_2161,B_Cells
2161,C_2162,T_Cell_&_Tumor_Hybrid
2162,C_2163,CD4+_T_Cells
2163,C_2164,CD4+_T_Cells
2164,C_2165,T_Cell_&_Tumor_Hybrid
2165,C_2166,B_Cells
2166,C_2167,B_Cells
2167,C_2168,B_Cells
2168,C_2169,T_Cell_&_Tumor_Hybrid
2169,C_2170,B_Cells
2170,C_2171,T_Cell_&_Tumor_Hybrid
2171,C_2172,T_Cell_&_Tumor_Hybrid
2172,C_2173,CD4+_T_Cells
2173,C_2174,T_Cell_&_Tumor_Hybrid
2174,C_2175,T_Cell_&_Tumor_Hybrid
2175,C_2176,CD4+_T_Cells
2176,C_2177,CD4+_T_Cells
2177,C_2178,T_Cell_&_Tumor_Hybrid
2178,C_2179,B_Cells
2179,C_2180,CD4+_T_Cells
2180,C_2181,T_Cell_&_Tumor_Hybrid
2181,C_2182,B_Cells
2182,C_2183,T_Cell_&_Tumor_Hybrid
2183,C_2184,T_Cell_&_Tumor_Hybrid
2184,C_2185,B_Cells
2185,C_2186,B_Cells
2186,C_2187,B_Cells
2187,C_2188,B_Cells
2188,C_2189,B_Cells
2189,C_2190,CD4+_T_Cells
2190,C_2191,B_Cells
2191,C_2192,T_Cell_&_Tumor_Hybrid
2192,C_2193,CD4+_T_Cells
2193,C_2194,T_Cell_&_Tumor_Hybrid
2194,C_2195,B_Cells
2195,C_2196,T_Cell_&_Tumor_Hybrid
2196,C_2197,T_Cell_&_Tumor_Hybrid
2197,C_2198,T_Cell_&_Tumor_Hybrid
2198,C_2199,T_Cell_&_Tumor_Hybrid
2199,C_2200,B_Cells
2200,C_2201,B_Cells
2201,C_2202,T_Cell_&_Tumor_Hybrid
2202,C_2203,B_Cells
2203,C_2204,T_Cell_&_Tumor_Hybrid
2204,C_2205,T_Cell_&_Tumor_Hybrid
2205,C_2206,B_Cells
2206,C_2207,B_Cells
2207,C_2208,CD4+_T_Cells
2208,C_2209,B_Cells
2209,C_2210,T_Cell_&_Tumor_Hybrid
2210,C_2211,T_Cell_&_Tumor_Hybrid
2211,C_2212,CD4+_T_Cells
2212,C_2213,B_Cells
2213,C_2214,T_Cell_&_Tumor_Hybrid
2214,C_2215,T_Cell_&_Tumor_Hybrid
2215,C_2216,B_Cells
2216,C_2217,B_Cells
2217,C_2218,B_Cells
2218,C_2219,CD4+_T_Cells
2219,C_2220,B_Cells
2220,C_2221,T_Cell_&_Tumor_Hybrid
2221,C_2222,T_Cell_&_Tumor_Hybrid
2222,C_2223,T_Cell_&_Tumor_Hybrid
2223,C_2224,CD4+_T_Cells
2224,C_2225,CD4+_T_Cells
2225,C_2226,B_Cells
2226,C_2227,T_Cell_&_Tumor_Hybrid
2227,C_2228,T_Cell_&_Tumor_Hybrid
2228,C_2229,B_Cells
2229,C_2230,CD4+_T_Cells
2230,C_2231,T_Cell_&_Tumor_Hybrid
2231,C_2232,B_Cells
2232,C_2233,CD4+_T_Cells
2233,C_2234,CD4+_T_Cells
2234,C_2235,T_Cell_&_Tumor_Hybrid
2235,C_2236,B_Cells
2236,C_2237,CD4+_T_Cells
2237,C_2238,B_Cells
2238,C_2239,T_Cell_&_Tumor_Hybrid
2239,C_2240,T_Cell_&_Tumor_Hybrid
2240,C_2241,B_Cells
2241,C_2242,CD4+_T_Cells
2242,C_2243,T_Cell_&_Tumor_Hybrid
2243,C_2244,B_Cells
2244,C_2245,CD4+_T_Cells
2245,C_2246,CD4+_T_Cells
2246,C_2247,T_Cell_&_Tumor_Hybrid
2247,C_2248,CD4+_T_Cells
2248,C_2249,T_Cell_&_Tumor_Hybrid
2249,C_2250,T_Cell_&_Tumor_Hybrid
2250,C_2251,B_Cells
2251,C_2252,T_Cell_&_Tumor_Hybrid
2252,C_2253,B_Cells
2253,C_2254,B_Cells
2254,C_2255,B_Cells
2255,C_2256,T_Cell_&_Tumor_Hybrid
2256,C_2257,B_Cells
2257,C_2258,CD4+_T_Cells
2258,C_2259,CD4+_T_Cells
2259,C_2260,CD4+_T_Cells
2260,C_2261,B_Cells
2261,C_2262,T_Cell_&_Tumor_Hybrid
2262,C_2263,B_Cells
2263,C_2264,T_Cell_&_Tumor_Hybrid
2264,C_2265,T_Cell_&_Tumor_Hybrid
2265,C_2266,B_Cells
2266,C_2267,CD4+_T_Cells
2267,C_2268,B_Cells
2268,C_2269,B_Cells
2269,C_2270,CD4+_T_Cells
2270,C_2271,T_Cell_&_Tumor_Hybrid
2271,C_2272,T_Cell_&_Tumor_Hybrid
2272,C_2273,T_Cell_&_Tumor_Hybrid
2273,C_2274,B_Cells
2274,C_2275,T_Cell_&_Tumor_Hybrid
2275,C_2276,CD4+_T_Cells
2276,C_2277,B_Cells
2277,C_2278,T_Cell_&_Tumor_Hybrid
2278,C_2279,CD4+_T_Cells
2279,C_2280,B_Cells
2280,C_2281,T_Cell_&_Tumor_Hybrid
2281,C_2282,T_Cell_&_Tumor_Hybrid
2282,C_2283,T_Cell_&_Tumor_Hybrid
2283,C_2284,B_Cells
2284,C_2285,T_Cell_&_Tumor_Hybrid
2285,C_2286,B_Cells
2286,C_2287,B_Cells
2287,C_2288,T_Cell_&_Tumor_Hybrid
2288,C_2289,T_Cell_&_Tumor_Hybrid
2289,C_2290,B_Cells
2290,C_2291,T_Cell_&_Tumor_Hybrid
2291,C_2292,B_Cells
2292,C_2293,B_Cells
2293,C_2294,T_Cell_&_Tumor_Hybrid
2294,C_2295,B_Cells
2295,C_2296,T_Cell_&_Tumor_Hybrid
2296,C_2297,T_Cell_&_Tumor_Hybrid
2297,C_2298,CD4+_T_Cells
2298,C_2299,B_Cells
2299,C_2300,B_Cells
2300,C_2301,T_Cell_&_Tumor_Hybrid
2301,C_2302,T_Cell_&_Tumor_Hybrid
2302,C_2303,CD4+_T_Cells
2303,C_2304,T_Cell_&_Tumor_Hybrid
2304,C_2305,B_Cells
2305,C_2306,T_Cell_&_Tumor_Hybrid
2306,C_2307,T_Cell_&_Tumor_Hybrid
2307,C_2308,T_Cell_&_Tumor_Hybrid
2308,C_2309,T_Cell_&_Tumor_Hybrid
2309,C_2310,CD4+_T_Cells
2310,C_2311,T_Cell_&_Tumor_Hybrid
2311,C_2312,T_Cell_&_Tumor_Hybrid
2312,C_2313,B_Cells
2313,C_2314,B_Cells
2314,C_2315,T_Cell_&_Tumor_Hybrid
2315,C_2316,B_Cells
2316,C_2317,T_Cell_&_Tumor_Hybrid
2317,C_2318,CD4+_T_Cells
2318,C_2319,T_Cell_&_Tumor_Hybrid
2319,C_2320,B_Cells
2320,C_2321,B_Cells
2321,C_2322,B_Cells
2322,C_2323,T_Cell_&_Tumor_Hybrid
2323,C_2324,CD4+_T_Cells
2324,C_2325,B_Cells
2325,C_2326,B_Cells
2326,C_2327,B_Cells
2327,C_2328,T_Cell_&_Tumor_Hybrid
2328,C_2329,B_Cells
2329,C_2330,CD4+_T_Cells
2330,C_2331,CD4+_T_Cells
2331,C_2332,B_Cells
2332,C_2333,B_Cells
2333,C_2334,T_Cell_&_Tumor_Hybrid
2334,C_2335,CD4+_T_Cells
2335,C_2336,CD4+_T_Cells
2336,C_2337,CD4+_T_Cells
2337,C_2338,B_Cells
2338,C_2339,B_Cells
2339,C_2340,CD4+_T_Cells
2340,C_2341,B_Cells
2341,C_2342,B_Cells
2342,C_2343,B_Cells
2343,C_2344,B_Cells
2344,C_2345,CD4+_T_Cells
2345,C_2346,CD4+_T_Cells
2346,C_2347,B_Cells
2347,C_2348,B_Cells
2348,C_2349,B_Cells
2349,C_2350,B_Cells
2350,C_2351,B_Cells
2351,C_2352,B_Cells
2352,C_2353,B_Cells
2353,C_2354,CD4+_T_Cells
2354,C_2355,B_Cells
2355,C_2356,CD4+_T_Cells
2356,C_2357,CD4+_T_Cells
2357,C_2358,B_Cells
2358,C_2359,CD4+_T_Cells
2359,C_2360,B_Cells
2360,C_2361,B_Cells
2361,C_2362,CD4+_T_Cells
2362,C_2363,CD4+_T_Cells
2363,C_2364,CD4+_T_Cells
2364,C_2365,B_Cells
2365,C_2366,B_Cells
2366,C_2367,B_Cells
2367,C_2368,B_Cells
2368,C_2369,B_Cells
2369,C_2370,CD4+_T_Cells
2370,C_2371,B_Cells
2371,C_2372,B_Cells
2372,C_2373,CD4+_T_Cells
2373,C_2374,CD4+_T_Cells
2374,C_2375,CD4+_T_Cells
2375,C_2376,CD4+_T_Cells
2376,C_2377,CD4+_T_Cells
2377,C_2378,CD4+_T_Cells
2378,C_2379,CD4+_T_Cells
2379,C_2380,CD4+_T_Cells
2380,C_2381,B_Cells
2381,C_2382,B_Cells
2382,C_2383,CD4+_T_Cells
2383,C_2384,CD4+_T_Cells
2384,C_2385,CD4+_T_Cells
2385,C_2386,CD4+_T_Cells
2386,C_2387,CD4+_T_Cells
2387,C_2388,CD4+_T_Cells
2388,C_2389,CD4+_T_Cells
2389,C_2390,CD4+_T_Cells
2390,C_2391,CD4+_T_Cells
2391,C_2392,CD4+_T_Cells
2392,C_2393,CD4+_T_Cells
2393,C_2394,CD4+_T_Cells
2394,C_2395,CD4+_T_Cells
2395,C_2396,CD4+_T_Cells
2396,C_2397,CD4+_T_Cells
2397,C_2398,CD4+_T_Cells
2398,C_2399,CD4+_T_Cells
2399,C_2400,CD4+_T_Cells
2400,C_2401,CD4+_T_Cells
2401,C_2402,CD4+_T_Cells
2402,C_2403,CD4+_T_Cells
2403,C_2404,CD4+_T_Cells
2404,C_2405,CD4+_T_Cells
2405,C_2406,CD4+_T_Cells
2406,C_2407,CD4+_T_Cells
2407,C_2408,CD4+_T_Cells
2408,C_2409,CD4+_T_Cells
2409,C_2410,CD4+_T_Cells
2410,C_2411,CD4+_T_Cells
2411,C_2412,CD4+_T_Cells
2412,C_2413,CD4+_T_Cells
2413,C_2414,CD4+_T_Cells
2414,C_2415,CD4+_T_Cells
2415,C_2416,CD4+_T_Cells
2416,C_2417,CD4+_T_Cells
2417,C_2418,CD4+_T_Cells
2418,C_2419,CD4+_T_Cells
2419,C_2420,CD4+_T_Cells
2420,C_2421,CD4+_T_Cells
2421,C_2422,CD4+_T_Cells
2422,C_2423,CD4+_T_Cells
2423,C_2424,CD4+_T_Cells
2424,C_2425,CD4+_T_Cells
2425,C_2426,CD4+_T_Cells
2426,C_2427,CD4+_T_Cells
2427,C_2428,CD4+_T_Cells
2428,C_2429,CD4+_T_Cells
2429,C_2430,CD4+_T_Cells
2430,C_2431,CD4+_T_Cells
2431,C_2432,CD4+_T_Cells
2432,C_2433,CD4+_T_Cells
2433,C_2434,CD4+_T_Cells
2434,C_2435,CD4+_T_Cells
2435,C_2436,CD4+_T_Cells
2436,C_2437,CD4+_T_Cells
2437,C_2438,CD4+_T_Cells
2438,C_2439,CD4+_T_Cells
2439,C_2440,CD4+_T_Cells
2440,C_2441,CD4+_T_Cells
2441,C_2442,CD4+_T_Cells
2442,C_2443,CD4+_T_Cells
2443,C_2444,CD4+_T_Cells
2444,C_2445,CD4+_T_Cells
2445,C_2446,CD4+_T_Cells
2446,C_2447,CD4+_T_Cells
2447,C_2448,CD4+_T_Cells
2448,C_2449,CD4+_T_Cells
2449,C_2450,CD4+_T_Cells
2450,C_2451,CD4+_T_Cells
2451,C_2452,CD4+_T_Cells
2452,C_2453,CD4+_T_Cells
2453,C_2454,CD4+_T_Cells
2454,C_2455,CD4+_T_Cells
2455,C_2456,CD4+_T_Cells
2456,C_2457,CD4+_T_Cells
2457,C_2458,CD4+_T_Cells
2458,C_2459,CD4+_T_Cells
2459,C_2460,CD4+_T_Cells
2460,C_2461,CD4+_T_Cells
2461,C_2462,CD4+_T_Cells
2462,C_2463,CD4+_T_Cells
2463,C_2464,CD4+_T_Cells
2464,C_2465,CD4+_T_Cells
2465,C_2466,CD4+_T_Cells
2466,C_2467,CD4+_T_Cells
2467,C_2468,CD4+_T_Cells
2468,C_2469,CD4+_T_Cells
2469,C_2470,CD4+_T_Cells
2470,C_2471,CD4+_T_Cells
2471,C_2472,CD4+_T_Cells
2472,C_2473,CD4+_T_Cells
2473,C_2474,CD4+_T_Cells
2474,C_2475,CD4+_T_Cells
2475,C_2476,CD4+_T_Cells
2476,C_2477,CD4+_T_Cells
2477,C_2478,CD4+_T_Cells
2478,C_2479,CD4+_T_Cells
2479,C_2480,CD4+_T_Cells
2480,C_2481,CD4+_T_Cells
2481,C_2482,CD4+_T_Cells
2482,C_2483,CD4+_T_Cells
2483,C_2484,CD4+_T_Cells
2484,C_2485,CD4+_T_Cells
2485,C_2486,CD4+_T_Cells
2486,C_2487,CD4+_T_Cells
2487,C_2488,CD4+_T_Cells
2488,C_2489,CD4+_T_Cells
2489,C_2490,CD4+_T_Cells
2490,C_2491,CD4+_T_Cells
2491,C_2492,CD4+_T_Cells
2492,C_2493,CD4+_T_Cells
2493,C_2494,CD4+_T_Cells
2494,C_2495,CD4+_T_Cells
2495,C_2496,CD4+_T_Cells
2496,C_2497,CD4+_T_Cells
2497,C_2498,CD4+_T_Cells
2498,C_2499,CD4+_T_Cells
2499,C_2500,CD4+_T_Cells
